Char,Unicode,Occurrences [5-max],Position [0-1],Neg [0-1],Neut [0-1],Pos [0-1],Sentiment score [-1-+1],Sentiment bar (c.i. 95%),name,block,demojized,neg,neu,pos,emoji,compound
ğŸ˜‚,0x1f602,14622,0.805,0.247,0.285,0.468,0.221,,FACE WITH TEARS OF JOY,Emoticons,:face_with_tears_of_joy:,0.247,0.285,0.468,ğŸ˜‚,0.221
â¤,0x2764,8050,0.747,0.044,0.166,0.79,0.746,,HEAVY BLACK HEART,Dingbats,:red_heart:,0.044,0.166,0.79,â¤,0.746
â™¥,0x2665,7144,0.754,0.035,0.272,0.693,0.657,,BLACK HEART SUIT,Miscellaneous Symbols,:heart_suit:,0.035,0.272,0.693,â™¥,0.657
ğŸ˜,0x1f60d,6359,0.765,0.052,0.219,0.729,0.678,,SMILING FACE WITH HEART-SHAPED EYES,Emoticons,:smiling_face_with_heart-eyes:,0.052,0.219,0.729,ğŸ˜,0.678
ğŸ˜­,0x1f62d,5526,0.803,0.436,0.22,0.343,-0.093,,LOUDLY CRYING FACE,Emoticons,:loudly_crying_face:,0.436,0.22,0.343,ğŸ˜­,-0.093
ğŸ˜˜,0x1f618,3648,0.854,0.053,0.193,0.754,0.701,,FACE THROWING A KISS,Emoticons,:face_blowing_a_kiss:,0.053,0.193,0.754,ğŸ˜˜,0.701
ğŸ˜Š,0x1f60a,3186,0.813,0.06,0.237,0.704,0.644,,SMILING FACE WITH SMILING EYES,Emoticons,:smiling_face_with_smiling_eyes:,0.06,0.237,0.704,ğŸ˜Š,0.644
ğŸ‘Œ,0x1f44c,2925,0.805,0.094,0.249,0.657,0.563,,OK HAND SIGN,Miscellaneous Symbols and Pictographs,:OK_hand:,0.094,0.249,0.657,ğŸ‘Œ,0.563
ğŸ’•,0x1f495,2400,0.766,0.042,0.285,0.674,0.632,,TWO HEARTS,Miscellaneous Symbols and Pictographs,:two_hearts:,0.042,0.285,0.674,ğŸ’•,0.632
ğŸ‘,0x1f44f,2336,0.787,0.104,0.271,0.624,0.52,,CLAPPING HANDS SIGN,Miscellaneous Symbols and Pictographs,:clapping_hands:,0.104,0.271,0.624,ğŸ‘,0.52
ğŸ˜,0x1f601,2189,0.796,0.127,0.296,0.577,0.449,,GRINNING FACE WITH SMILING EYES,Emoticons,:beaming_face_with_smiling_eyes:,0.127,0.296,0.577,ğŸ˜,0.449
â˜º,0x263a,2062,0.799,0.062,0.218,0.72,0.657,,WHITE SMILING FACE,Miscellaneous Symbols,:smiling_face:,0.062,0.218,0.72,â˜º,0.657
â™¡,0x2661,1975,0.764,0.052,0.227,0.721,0.669,,WHITE HEART SUIT,Miscellaneous Symbols,â™¡,0.052,0.227,0.721,â™¡,0.669
ğŸ‘,0x1f44d,1854,0.812,0.115,0.248,0.637,0.521,,THUMBS UP SIGN,Miscellaneous Symbols and Pictographs,:thumbs_up:,0.115,0.248,0.637,ğŸ‘,0.521
ğŸ˜©,0x1f629,1808,0.826,0.591,0.186,0.223,-0.368,,WEARY FACE,Emoticons,:weary_face:,0.591,0.186,0.223,ğŸ˜©,-0.368
ğŸ™,0x1f64f,1539,0.794,0.081,0.421,0.498,0.417,,PERSON WITH FOLDED HANDS,Emoticons,:folded_hands:,0.081,0.421,0.498,ğŸ™,0.417
âœŒ,0x270c,1534,0.79,0.113,0.31,0.576,0.463,,VICTORY HAND,Dingbats,:victory_hand:,0.113,0.31,0.576,âœŒ,0.463
ğŸ˜,0x1f60f,1522,0.765,0.112,0.444,0.444,0.332,,SMIRKING FACE,Emoticons,:smirking_face:,0.112,0.444,0.444,ğŸ˜,0.332
ğŸ˜‰,0x1f609,1521,0.845,0.1,0.337,0.563,0.463,,WINKING FACE,Emoticons,:winking_face:,0.1,0.337,0.563,ğŸ˜‰,0.463
ğŸ™Œ,0x1f64c,1506,0.791,0.101,0.238,0.661,0.559,,PERSON RAISING BOTH HANDS IN CELEBRATION,Emoticons,:raising_hands:,0.101,0.238,0.661,ğŸ™Œ,0.559
ğŸ™ˆ,0x1f648,1456,0.739,0.164,0.241,0.596,0.432,,SEE-NO-EVIL MONKEY,Emoticons,:see-no-evil_monkey:,0.164,0.241,0.596,ğŸ™ˆ,0.432
ğŸ’ª,0x1f4aa,1409,0.807,0.072,0.301,0.627,0.555,,FLEXED BICEPS,Miscellaneous Symbols and Pictographs,:flexed_biceps:,0.072,0.301,0.627,ğŸ’ª,0.555
ğŸ˜„,0x1f604,1398,0.795,0.137,0.305,0.558,0.421,,SMILING FACE WITH OPEN MOUTH AND SMILING EYES,Emoticons,:grinning_face_with_smiling_eyes:,0.137,0.305,0.558,ğŸ˜„,0.421
ğŸ˜’,0x1f612,1385,0.858,0.591,0.192,0.217,-0.374,,UNAMUSED FACE,Emoticons,:unamused_face:,0.591,0.192,0.217,ğŸ˜’,-0.374
ğŸ’ƒ,0x1f483,1344,0.853,0.045,0.177,0.779,0.734,,DANCER,Miscellaneous Symbols and Pictographs,:woman_dancing:,0.045,0.177,0.779,ğŸ’ƒ,0.734
ğŸ’–,0x1f496,1263,0.762,0.043,0.201,0.755,0.712,,SPARKLING HEART,Miscellaneous Symbols and Pictographs,:sparkling_heart:,0.043,0.201,0.755,ğŸ’–,0.712
ğŸ˜ƒ,0x1f603,1206,0.735,0.072,0.299,0.629,0.557,,SMILING FACE WITH OPEN MOUTH,Emoticons,:grinning_face_with_big_eyes:,0.072,0.299,0.629,ğŸ˜ƒ,0.557
ğŸ˜”,0x1f614,1205,0.866,0.464,0.219,0.318,-0.146,,PENSIVE FACE,Emoticons,:pensive_face:,0.464,0.219,0.318,ğŸ˜”,-0.146
ğŸ˜±,0x1f631,1130,0.773,0.264,0.282,0.454,0.19,,FACE SCREAMING IN FEAR,Emoticons,:face_screaming_in_fear:,0.264,0.282,0.454,ğŸ˜±,0.19
ğŸ‰,0x1f389,1125,0.744,0.039,0.184,0.777,0.738,,PARTY POPPER,Miscellaneous Symbols and Pictographs,:party_popper:,0.039,0.184,0.777,ğŸ‰,0.738
ğŸ˜œ,0x1f61c,1035,0.822,0.112,0.322,0.566,0.455,,FACE WITH STUCK-OUT TONGUE AND WINKING EYE,Emoticons,:winking_face_with_tongue:,0.112,0.322,0.566,ğŸ˜œ,0.455
â˜¯,0x262f,992,0.384,0.006,0.987,0.007,0.001,,YIN YANG,Miscellaneous Symbols,:yin_yang:,0.006,0.987,0.007,â˜¯,0.001
ğŸŒ¸,0x1f338,946,0.57,0.04,0.27,0.69,0.65,,CHERRY BLOSSOM,Miscellaneous Symbols and Pictographs,:cherry_blossom:,0.04,0.27,0.69,ğŸŒ¸,0.65
ğŸ’œ,0x1f49c,939,0.731,0.045,0.257,0.699,0.654,,PURPLE HEART,Miscellaneous Symbols and Pictographs,:purple_heart:,0.045,0.257,0.699,ğŸ’œ,0.654
ğŸ’™,0x1f499,912,0.703,0.033,0.204,0.763,0.73,,BLUE HEART,Miscellaneous Symbols and Pictographs,:blue_heart:,0.033,0.204,0.763,ğŸ’™,0.73
âœ¨,0x2728,848,0.56,0.052,0.545,0.403,0.351,,SPARKLES,Dingbats,:sparkles:,0.052,0.545,0.403,âœ¨,0.351
ğŸ˜³,0x1f633,846,0.797,0.327,0.327,0.345,0.018,,FLUSHED FACE,Emoticons,:flushed_face:,0.327,0.327,0.345,ğŸ˜³,0.018
ğŸ’—,0x1f497,836,0.8,0.051,0.241,0.708,0.657,,GROWING HEART,Miscellaneous Symbols and Pictographs,:growing_heart:,0.051,0.241,0.708,ğŸ’—,0.657
â˜…,0x2605,828,0.353,0.031,0.655,0.314,0.283,,BLACK STAR,Miscellaneous Symbols,â˜…,0.031,0.655,0.314,â˜…,0.283
â–ˆ,0x2588,798,0.634,0.09,0.853,0.057,-0.032,,FULL BLOCK,Block Elements,â–ˆ,0.09,0.853,0.057,â–ˆ,-0.032
â˜€,0x2600,786,0.546,0.028,0.479,0.493,0.465,,BLACK SUN WITH RAYS,Miscellaneous Symbols,:sun:,0.028,0.479,0.493,â˜€,0.465
ğŸ˜¡,0x1f621,756,0.862,0.532,0.108,0.36,-0.173,,POUTING FACE,Emoticons,:pouting_face:,0.532,0.108,0.36,ğŸ˜¡,-0.173
ğŸ˜,0x1f60e,754,0.766,0.106,0.297,0.597,0.491,,SMILING FACE WITH SUNGLASSES,Emoticons,:smiling_face_with_sunglasses:,0.106,0.297,0.597,ğŸ˜,0.491
ğŸ˜¢,0x1f622,749,0.814,0.384,0.225,0.391,0.007,,CRYING FACE,Emoticons,:crying_face:,0.384,0.225,0.391,ğŸ˜¢,0.007
ğŸ’‹,0x1f48b,734,0.801,0.039,0.231,0.73,0.691,,KISS MARK,Miscellaneous Symbols and Pictographs,:kiss_mark:,0.039,0.231,0.73,ğŸ’‹,0.691
ğŸ˜‹,0x1f60b,734,0.765,0.046,0.277,0.677,0.631,,FACE SAVOURING DELICIOUS FOOD,Emoticons,:face_savoring_food:,0.046,0.277,0.677,ğŸ˜‹,0.631
ğŸ™Š,0x1f64a,725,0.741,0.135,0.272,0.593,0.459,,SPEAK-NO-EVIL MONKEY,Emoticons,:speak-no-evil_monkey:,0.135,0.272,0.593,ğŸ™Š,0.459
ğŸ˜´,0x1f634,718,0.85,0.422,0.237,0.341,-0.08,,SLEEPING FACE,Emoticons,:sleeping_face:,0.422,0.237,0.341,ğŸ˜´,-0.08
ğŸ¶,0x1f3b6,701,0.797,0.097,0.27,0.634,0.537,,MULTIPLE MUSICAL NOTES,Miscellaneous Symbols and Pictographs,:musical_notes:,0.097,0.27,0.634,ğŸ¶,0.537
ğŸ’,0x1f49e,687,0.829,0.041,0.18,0.78,0.739,,REVOLVING HEARTS,Miscellaneous Symbols and Pictographs,:revolving_hearts:,0.041,0.18,0.78,ğŸ’,0.739
ğŸ˜Œ,0x1f60c,665,0.847,0.141,0.237,0.623,0.482,,RELIEVED FACE,Emoticons,:relieved_face:,0.141,0.237,0.623,ğŸ˜Œ,0.482
ğŸ”¥,0x1f525,651,0.616,0.124,0.613,0.263,0.139,,FIRE,Miscellaneous Symbols and Pictographs,:fire:,0.124,0.613,0.263,ğŸ”¥,0.139
ğŸ’¯,0x1f4af,637,0.872,0.281,0.317,0.402,0.12,,HUNDRED POINTS SYMBOL,Miscellaneous Symbols and Pictographs,:hundred_points:,0.281,0.317,0.402,ğŸ’¯,0.12
ğŸ”«,0x1f52b,604,0.894,0.493,0.209,0.298,-0.194,,PISTOL,Miscellaneous Symbols and Pictographs,:water_pistol:,0.493,0.209,0.298,ğŸ”«,-0.194
ğŸ’›,0x1f49b,602,0.752,0.043,0.205,0.752,0.709,,YELLOW HEART,Miscellaneous Symbols and Pictographs,:yellow_heart:,0.043,0.205,0.752,ğŸ’›,0.709
ğŸ’,0x1f481,549,0.84,0.192,0.29,0.518,0.326,,INFORMATION DESK PERSON,Miscellaneous Symbols and Pictographs,:person_tipping_hand:,0.192,0.29,0.518,ğŸ’,0.326
ğŸ’š,0x1f49a,537,0.737,0.078,0.189,0.733,0.656,,GREEN HEART,Miscellaneous Symbols and Pictographs,:green_heart:,0.078,0.189,0.733,ğŸ’š,0.656
â™«,0x266b,533,0.397,0.063,0.586,0.351,0.287,,BEAMED EIGHTH NOTES,Miscellaneous Symbols,â™«,0.063,0.586,0.351,â™«,0.287
ğŸ˜,0x1f61e,532,0.825,0.479,0.161,0.361,-0.118,,DISAPPOINTED FACE,Emoticons,:disappointed_face:,0.479,0.161,0.361,ğŸ˜,-0.118
ğŸ˜†,0x1f606,527,0.809,0.155,0.281,0.564,0.409,,SMILING FACE WITH OPEN MOUTH AND TIGHTLY-CLOSED EYES,Emoticons,:grinning_squinting_face:,0.155,0.281,0.564,ğŸ˜†,0.409
ğŸ˜,0x1f61d,496,0.809,0.132,0.313,0.555,0.423,,FACE WITH STUCK-OUT TONGUE AND TIGHTLY-CLOSED EYES,Emoticons,:squinting_face_with_tongue:,0.132,0.313,0.555,ğŸ˜,0.423
ğŸ˜ª,0x1f62a,482,0.858,0.431,0.219,0.351,-0.08,,SLEEPY FACE,Emoticons,:sleepy_face:,0.431,0.219,0.351,ğŸ˜ª,-0.08
ï¿½,0xfffd,472,0.113,0.166,0.581,0.253,0.086,,REPLACEMENT CHARACTER,Specials,ï¿½,0.166,0.581,0.253,ï¿½,0.086
ğŸ˜«,0x1f62b,467,0.84,0.485,0.174,0.34,-0.145,,TIRED FACE,Emoticons,:tired_face:,0.485,0.174,0.34,ğŸ˜«,-0.145
ğŸ˜…,0x1f605,462,0.828,0.292,0.237,0.471,0.178,,SMILING FACE WITH OPEN MOUTH AND COLD SWEAT,Emoticons,:grinning_face_with_sweat:,0.292,0.237,0.471,ğŸ˜…,0.178
ğŸ‘Š,0x1f44a,458,0.825,0.265,0.243,0.492,0.228,,FISTED HAND SIGN,Miscellaneous Symbols and Pictographs,:oncoming_fist:,0.265,0.243,0.492,ğŸ‘Š,0.228
ğŸ’€,0x1f480,456,0.739,0.468,0.27,0.261,-0.207,,SKULL,Miscellaneous Symbols and Pictographs,:skull:,0.468,0.27,0.261,ğŸ’€,-0.207
ğŸ˜€,0x1f600,439,0.786,0.086,0.26,0.654,0.568,,GRINNING FACE,Emoticons,:grinning_face:,0.086,0.26,0.654,ğŸ˜€,0.568
ğŸ˜š,0x1f61a,424,0.853,0.049,0.192,0.759,0.71,,KISSING FACE WITH CLOSED EYES,Emoticons,:kissing_face_with_closed_eyes:,0.049,0.192,0.759,ğŸ˜š,0.71
ğŸ˜»,0x1f63b,417,0.73,0.069,0.243,0.688,0.619,,SMILING CAT FACE WITH HEART-SHAPED EYES,Emoticons,:smiling_cat_with_heart-eyes:,0.069,0.243,0.688,ğŸ˜»,0.619
Â©,0xa9,416,0.74,0.131,0.621,0.248,0.117,,COPYRIGHT SIGN,Latin-1 Supplement,:copyright:,0.131,0.621,0.248,Â©,0.117
ğŸ‘€,0x1f440,410,0.759,0.228,0.482,0.291,0.063,,EYES,Miscellaneous Symbols and Pictographs,:eyes:,0.228,0.482,0.291,ğŸ‘€,0.063
ğŸ’˜,0x1f498,395,0.785,0.048,0.221,0.731,0.683,,HEART WITH ARROW,Miscellaneous Symbols and Pictographs,:heart_with_arrow:,0.048,0.221,0.731,ğŸ’˜,0.683
ğŸ“,0x1f413,384,0.491,0.109,0.755,0.137,0.028,,ROOSTER,Miscellaneous Symbols and Pictographs,:rooster:,0.109,0.755,0.137,ğŸ“,0.028
â˜•,0x2615,382,0.685,0.14,0.475,0.384,0.244,,HOT BEVERAGE,Miscellaneous Symbols,:hot_beverage:,0.14,0.475,0.384,â˜•,0.244
ğŸ‘‹,0x1f44b,382,0.798,0.158,0.27,0.571,0.413,,WAVING HAND SIGN,Miscellaneous Symbols and Pictographs,:waving_hand:,0.158,0.27,0.571,ğŸ‘‹,0.413
âœ‹,0x270b,378,0.838,0.328,0.218,0.454,0.126,,RAISED HAND,Dingbats,:raised_hand:,0.328,0.218,0.454,âœ‹,0.126
ğŸŠ,0x1f38a,363,0.724,0.057,0.164,0.779,0.721,,CONFETTI BALL,Miscellaneous Symbols and Pictographs,:confetti_ball:,0.057,0.164,0.779,ğŸŠ,0.721
ğŸ•,0x1f355,352,0.545,0.056,0.47,0.473,0.417,,SLICE OF PIZZA,Miscellaneous Symbols and Pictographs,:pizza:,0.056,0.47,0.473,ğŸ•,0.417
â„,0x2744,349,0.76,0.099,0.295,0.605,0.506,,SNOWFLAKE,Dingbats,:snowflake:,0.099,0.295,0.605,â„,0.506
ğŸ˜¥,0x1f625,341,0.882,0.317,0.244,0.439,0.122,,DISAPPOINTED BUT RELIEVED FACE,Emoticons,:sad_but_relieved_face:,0.317,0.244,0.439,ğŸ˜¥,0.122
ğŸ˜•,0x1f615,340,0.857,0.601,0.195,0.204,-0.397,,CONFUSED FACE,Emoticons,:confused_face:,0.601,0.195,0.204,ğŸ˜•,-0.397
ğŸ’¥,0x1f4a5,329,0.587,0.072,0.708,0.22,0.148,,COLLISION SYMBOL,Miscellaneous Symbols and Pictographs,:collision:,0.072,0.708,0.22,ğŸ’¥,0.148
ğŸ’”,0x1f494,328,0.836,0.414,0.293,0.293,-0.121,,BROKEN HEART,Miscellaneous Symbols and Pictographs,:broken_heart:,0.414,0.293,0.293,ğŸ’”,-0.121
ğŸ˜¤,0x1f624,327,0.884,0.479,0.252,0.27,-0.209,,FACE WITH LOOK OF TRIUMPH,Emoticons,:face_with_steam_from_nose:,0.479,0.252,0.27,ğŸ˜¤,-0.209
ğŸ˜ˆ,0x1f608,325,0.762,0.204,0.326,0.47,0.265,,SMILING FACE WITH HORNS,Emoticons,:smiling_face_with_horns:,0.204,0.326,0.47,ğŸ˜ˆ,0.265
â–º,0x25ba,325,0.516,0.125,0.588,0.287,0.162,,BLACK RIGHT-POINTING POINTER,Geometric Shapes,â–º,0.125,0.588,0.287,â–º,0.162
âœˆ,0x2708,322,0.522,0.043,0.498,0.458,0.415,,AIRPLANE,Dingbats,:airplane:,0.043,0.498,0.458,âœˆ,0.415
ğŸ”,0x1f51d,303,0.798,0.088,0.35,0.562,0.474,,TOP WITH UPWARDS ARROW ABOVE,Miscellaneous Symbols and Pictographs,:TOP_arrow:,0.088,0.35,0.562,ğŸ”,0.474
ğŸ˜°,0x1f630,302,0.92,0.436,0.148,0.416,-0.02,,FACE WITH OPEN MOUTH AND COLD SWEAT,Emoticons,:anxious_face_with_sweat:,0.436,0.148,0.416,ğŸ˜°,-0.02
âš½,0x26bd,299,0.193,0.053,0.278,0.669,0.616,,SOCCER BALL,Miscellaneous Symbols,:soccer_ball:,0.053,0.278,0.669,âš½,0.616
ğŸ˜‘,0x1f611,299,0.844,0.513,0.285,0.202,-0.311,,EXPRESSIONLESS FACE,Emoticons,:expressionless_face:,0.513,0.285,0.202,ğŸ˜‘,-0.311
ğŸ‘‘,0x1f451,298,0.699,0.043,0.219,0.738,0.694,,CROWN,Miscellaneous Symbols and Pictographs,:crown:,0.043,0.219,0.738,ğŸ‘‘,0.694
ğŸ˜¹,0x1f639,295,0.807,0.299,0.262,0.44,0.141,,CAT FACE WITH TEARS OF JOY,Emoticons,:cat_with_tears_of_joy:,0.299,0.262,0.44,ğŸ˜¹,0.141
ğŸ‘‰,0x1f449,292,0.559,0.071,0.468,0.461,0.39,,WHITE RIGHT POINTING BACKHAND INDEX,Miscellaneous Symbols and Pictographs,:backhand_index_pointing_right:,0.071,0.468,0.461,ğŸ‘‰,0.39
ğŸƒ,0x1f343,291,0.572,0.102,0.418,0.48,0.378,,LEAF FLUTTERING IN WIND,Miscellaneous Symbols and Pictographs,:leaf_fluttering_in_wind:,0.102,0.418,0.48,ğŸƒ,0.378
ğŸ,0x1f381,288,0.709,0.041,0.158,0.801,0.759,,WRAPPED PRESENT,Miscellaneous Symbols and Pictographs,:wrapped_gift:,0.041,0.158,0.801,ğŸ,0.759
ğŸ˜ ,0x1f620,288,0.849,0.564,0.172,0.265,-0.299,,ANGRY FACE,Emoticons,:angry_face:,0.564,0.172,0.265,ğŸ˜ ,-0.299
ğŸ§,0x1f427,284,0.54,0.042,0.46,0.498,0.456,,PENGUIN,Miscellaneous Symbols and Pictographs,:penguin:,0.042,0.46,0.498,ğŸ§,0.456
â˜†,0x2606,282,0.563,0.032,0.509,0.46,0.428,,WHITE STAR,Miscellaneous Symbols,â˜†,0.032,0.509,0.46,â˜†,0.428
ğŸ€,0x1f340,278,0.768,0.025,0.665,0.31,0.285,,FOUR LEAF CLOVER,Miscellaneous Symbols and Pictographs,:four_leaf_clover:,0.025,0.665,0.31,ğŸ€,0.285
ğŸˆ,0x1f388,277,0.719,0.018,0.246,0.736,0.718,,BALLOON,Miscellaneous Symbols and Pictographs,:balloon:,0.018,0.246,0.736,ğŸˆ,0.718
ğŸ…,0x1f385,274,0.801,0.029,0.625,0.347,0.318,,FATHER CHRISTMAS,Miscellaneous Symbols and Pictographs,:Santa_Claus:,0.029,0.625,0.347,ğŸ…,0.318
ğŸ˜“,0x1f613,273,0.845,0.431,0.217,0.351,-0.08,,FACE WITH COLD SWEAT,Emoticons,:downcast_face_with_sweat:,0.431,0.217,0.351,ğŸ˜“,-0.08
ğŸ˜£,0x1f623,271,0.903,0.54,0.131,0.328,-0.212,,PERSEVERING FACE,Emoticons,:persevering_face:,0.54,0.131,0.328,ğŸ˜£,-0.212
ğŸ˜,0x1f610,270,0.883,0.553,0.282,0.165,-0.388,,NEUTRAL FACE,Emoticons,:neutral_face:,0.553,0.282,0.165,ğŸ˜,-0.388
âœŠ,0x270a,270,0.859,0.139,0.293,0.568,0.429,,RAISED FIST,Dingbats,:raised_fist:,0.139,0.293,0.568,âœŠ,0.429
ğŸ˜¨,0x1f628,269,0.814,0.434,0.272,0.294,-0.14,,FEARFUL FACE,Emoticons,:fearful_face:,0.434,0.272,0.294,ğŸ˜¨,-0.14
ğŸ˜–,0x1f616,268,0.869,0.483,0.188,0.328,-0.155,,CONFOUNDED FACE,Emoticons,:confounded_face:,0.483,0.188,0.328,ğŸ˜–,-0.155
ğŸ’¤,0x1f4a4,267,0.8,0.144,0.341,0.515,0.37,,SLEEPING SYMBOL,Miscellaneous Symbols and Pictographs,:zzz:,0.144,0.341,0.515,ğŸ’¤,0.37
ğŸ’“,0x1f493,259,0.783,0.061,0.214,0.725,0.664,,BEATING HEART,Miscellaneous Symbols and Pictographs,:beating_heart:,0.061,0.214,0.725,ğŸ’“,0.664
ğŸ‘,0x1f44e,258,0.914,0.494,0.199,0.307,-0.188,,THUMBS DOWN SIGN,Miscellaneous Symbols and Pictographs,:thumbs_down:,0.494,0.199,0.307,ğŸ‘,-0.188
ğŸ’¦,0x1f4a6,252,0.779,0.141,0.247,0.612,0.471,,SPLASHING SWEAT SYMBOL,Miscellaneous Symbols and Pictographs,:sweat_droplets:,0.141,0.247,0.612,ğŸ’¦,0.471
âœ”,0x2714,249,0.565,0.127,0.476,0.397,0.27,,HEAVY CHECK MARK,Dingbats,:check_mark:,0.127,0.476,0.397,âœ”,0.27
ğŸ˜·,0x1f637,246,0.84,0.474,0.221,0.305,-0.169,,FACE WITH MEDICAL MASK,Emoticons,:face_with_medical_mask:,0.474,0.221,0.305,ğŸ˜·,-0.169
âš¡,0x26a1,246,0.779,0.044,0.735,0.221,0.177,,HIGH VOLTAGE SIGN,Miscellaneous Symbols,:high_voltage:,0.044,0.735,0.221,âš¡,0.177
ğŸ™‹,0x1f64b,236,0.733,0.13,0.255,0.615,0.485,,HAPPY PERSON RAISING ONE HAND,Emoticons,:person_raising_hand:,0.13,0.255,0.615,ğŸ™‹,0.485
ğŸ„,0x1f384,236,0.633,0.067,0.335,0.598,0.531,,CHRISTMAS TREE,Miscellaneous Symbols and Pictographs,:Christmas_tree:,0.067,0.335,0.598,ğŸ„,0.531
ğŸ’©,0x1f4a9,229,0.84,0.409,0.297,0.293,-0.116,,PILE OF POO,Miscellaneous Symbols and Pictographs,:pile_of_poo:,0.409,0.297,0.293,ğŸ’©,-0.116
ğŸµ,0x1f3b5,223,0.715,0.106,0.288,0.606,0.5,,MUSICAL NOTE,Miscellaneous Symbols and Pictographs,:musical_note:,0.106,0.288,0.606,ğŸµ,0.5
â¡,0x27a1,222,0.478,0.013,0.827,0.16,0.147,,BLACK RIGHTWARDS ARROW,Dingbats,:right_arrow:,0.013,0.827,0.16,â¡,0.147
ğŸ˜›,0x1f61b,220,0.734,0.085,0.229,0.686,0.601,,FACE WITH STUCK-OUT TONGUE,Emoticons,:face_with_tongue:,0.085,0.229,0.686,ğŸ˜›,0.601
ğŸ˜¬,0x1f62c,214,0.794,0.267,0.272,0.461,0.194,,GRIMACING FACE,Emoticons,:grimacing_face:,0.267,0.272,0.461,ğŸ˜¬,0.194
ğŸ‘¯,0x1f46f,211,0.742,0.117,0.327,0.556,0.439,,WOMAN WITH BUNNY EARS,Miscellaneous Symbols and Pictographs,:people_with_bunny_ears:,0.117,0.327,0.556,ğŸ‘¯,0.439
ğŸ’,0x1f48e,209,0.694,0.057,0.325,0.618,0.561,,GEM STONE,Miscellaneous Symbols and Pictographs,:gem_stone:,0.057,0.325,0.618,ğŸ’,0.561
ğŸŒ¿,0x1f33f,208,0.6,0.009,0.597,0.393,0.384,,HERB,Miscellaneous Symbols and Pictographs,:herb:,0.009,0.597,0.393,ğŸŒ¿,0.384
ğŸ‚,0x1f382,201,0.748,0.083,0.221,0.696,0.613,,BIRTHDAY CAKE,Miscellaneous Symbols and Pictographs,:birthday_cake:,0.083,0.221,0.696,ğŸ‚,0.613
ğŸŒŸ,0x1f31f,199,0.655,0.059,0.554,0.386,0.327,,GLOWING STAR,Miscellaneous Symbols and Pictographs,:glowing_star:,0.059,0.554,0.386,ğŸŒŸ,0.327
ğŸ”®,0x1f52e,199,0.333,0.035,0.663,0.302,0.267,,CRYSTAL BALL,Miscellaneous Symbols and Pictographs,:crystal_ball:,0.035,0.663,0.302,ğŸ”®,0.267
â—,0x2757,198,0.62,0.159,0.582,0.259,0.1,,HEAVY EXCLAMATION MARK SYMBOL,Dingbats,:red_exclamation_mark:,0.159,0.582,0.259,â—,0.1
ğŸ‘«,0x1f46b,197,0.664,0.22,0.305,0.475,0.255,,MAN AND WOMAN HOLDING HANDS,Miscellaneous Symbols and Pictographs,:woman_and_man_holding_hands:,0.22,0.305,0.475,ğŸ‘«,0.255
ğŸ†,0x1f3c6,194,0.706,0.036,0.203,0.761,0.726,,TROPHY,Miscellaneous Symbols and Pictographs,:trophy:,0.036,0.203,0.761,ğŸ†,0.726
âœ–,0x2716,193,0.515,0.046,0.597,0.357,0.311,,HEAVY MULTIPLICATION X,Dingbats,:multiply:,0.046,0.597,0.357,âœ–,0.311
â˜,0x261d,191,0.76,0.144,0.402,0.454,0.309,,WHITE UP POINTING INDEX,Miscellaneous Symbols,:index_pointing_up:,0.144,0.402,0.454,â˜,0.309
ğŸ˜™,0x1f619,191,0.876,0.021,0.18,0.799,0.778,,KISSING FACE WITH SMILING EYES,Emoticons,:kissing_face_with_smiling_eyes:,0.021,0.18,0.799,ğŸ˜™,0.778
â›„,0x26c4,191,0.739,0.077,0.325,0.598,0.521,,SNOWMAN WITHOUT SNOW,Miscellaneous Symbols,:snowman_without_snow:,0.077,0.325,0.598,â›„,0.521
ğŸ‘…,0x1f445,190,0.738,0.124,0.29,0.585,0.461,,TONGUE,Miscellaneous Symbols and Pictographs,:tongue:,0.124,0.29,0.585,ğŸ‘…,0.461
â™ª,0x266a,190,0.696,0.083,0.301,0.617,0.534,,EIGHTH NOTE,Miscellaneous Symbols,â™ª,0.083,0.301,0.617,â™ª,0.534
ğŸ‚,0x1f342,189,0.635,0.036,0.38,0.583,0.547,,FALLEN LEAF,Miscellaneous Symbols and Pictographs,:fallen_leaf:,0.036,0.38,0.583,ğŸ‚,0.547
ğŸ’,0x1f48f,185,0.729,0.181,0.25,0.569,0.388,,KISS,Miscellaneous Symbols and Pictographs,:kiss:,0.181,0.25,0.569,ğŸ’,0.388
ğŸ”ª,0x1f52a,183,0.764,0.21,0.511,0.28,0.07,,HOCHO,Miscellaneous Symbols and Pictographs,:kitchen_knife:,0.21,0.511,0.28,ğŸ”ª,0.07
ğŸŒ´,0x1f334,178,0.676,0.077,0.32,0.602,0.525,,PALM TREE,Miscellaneous Symbols and Pictographs,:palm_tree:,0.077,0.32,0.602,ğŸŒ´,0.525
ğŸ‘ˆ,0x1f448,174,0.701,0.085,0.407,0.508,0.424,,WHITE LEFT POINTING BACKHAND INDEX,Miscellaneous Symbols and Pictographs,:backhand_index_pointing_left:,0.085,0.407,0.508,ğŸ‘ˆ,0.424
ğŸŒ¹,0x1f339,172,0.664,0.023,0.354,0.623,0.6,,ROSE,Miscellaneous Symbols and Pictographs,:rose:,0.023,0.354,0.623,ğŸŒ¹,0.6
ğŸ™†,0x1f646,171,0.84,0.092,0.316,0.592,0.5,,FACE WITH OK GESTURE,Emoticons,:person_gesturing_OK:,0.092,0.316,0.592,ğŸ™†,0.5
âœ,0x279c,170,0.559,0.052,0.734,0.214,0.162,,HEAVY ROUND-TIPPED RIGHTWARDS ARROW,Dingbats,âœ,0.052,0.734,0.214,âœ,0.162
ğŸ‘»,0x1f47b,168,0.741,0.17,0.433,0.398,0.228,,GHOST,Miscellaneous Symbols and Pictographs,:ghost:,0.17,0.433,0.398,ğŸ‘»,0.228
ğŸ’°,0x1f4b0,168,0.827,0.158,0.433,0.409,0.251,,MONEY BAG,Miscellaneous Symbols and Pictographs,:money_bag:,0.158,0.433,0.409,ğŸ’°,0.251
ğŸ»,0x1f37b,165,0.745,0.107,0.274,0.619,0.512,,CLINKING BEER MUGS,Miscellaneous Symbols and Pictographs,:clinking_beer_mugs:,0.107,0.274,0.619,ğŸ»,0.512
ğŸ™…,0x1f645,165,0.839,0.458,0.286,0.256,-0.202,,FACE WITH NO GOOD GESTURE,Emoticons,:person_gesturing_NO:,0.458,0.286,0.256,ğŸ™…,-0.202
ğŸŒ,0x1f31e,162,0.709,0.024,0.394,0.582,0.558,,SUN WITH FACE,Miscellaneous Symbols and Pictographs,:sun_with_face:,0.024,0.394,0.582,ğŸŒ,0.558
ğŸ,0x1f341,161,0.624,0.037,0.445,0.518,0.482,,MAPLE LEAF,Miscellaneous Symbols and Pictographs,:maple_leaf:,0.037,0.445,0.518,ğŸ,0.482
â­,0x2b50,159,0.601,0.037,0.346,0.617,0.58,,WHITE MEDIUM STAR,Miscellaneous Symbols and Arrows,:star:,0.037,0.346,0.617,â­,0.58
â–ª,0x25aa,159,0.145,0.099,0.605,0.296,0.198,,BLACK SMALL SQUARE,Geometric Shapes,:black_small_square:,0.099,0.605,0.296,â–ª,0.198
ğŸ€,0x1f380,156,0.652,0.044,0.283,0.673,0.629,,RIBBON,Miscellaneous Symbols and Pictographs,:ribbon:,0.044,0.283,0.673,ğŸ€,0.629
â”,0x2501,156,0.54,0.094,0.635,0.27,0.176,,BOX DRAWINGS HEAVY HORIZONTAL,Box Drawing,â”,0.094,0.635,0.27,â”,0.176
â˜·,0x2637,154,0.012,0.019,0.898,0.083,0.064,,TRIGRAM FOR EARTH,Miscellaneous Symbols,â˜·,0.019,0.898,0.083,â˜·,0.064
ğŸ·,0x1f437,152,0.603,0.077,0.477,0.445,0.368,,PIG FACE,Miscellaneous Symbols and Pictographs,:pig_face:,0.077,0.477,0.445,ğŸ·,0.368
ğŸ™‰,0x1f649,150,0.758,0.176,0.314,0.51,0.333,,HEAR-NO-EVIL MONKEY,Emoticons,:hear-no-evil_monkey:,0.176,0.314,0.51,ğŸ™‰,0.333
ğŸŒº,0x1f33a,150,0.629,0.02,0.412,0.569,0.549,,HIBISCUS,Miscellaneous Symbols and Pictographs,:hibiscus:,0.02,0.412,0.569,ğŸŒº,0.549
ğŸ’…,0x1f485,149,0.756,0.184,0.243,0.572,0.388,,NAIL POLISH,Miscellaneous Symbols and Pictographs,:nail_polish:,0.184,0.243,0.572,ğŸ’…,0.388
ğŸ¶,0x1f436,148,0.654,0.086,0.252,0.662,0.576,,DOG FACE,Miscellaneous Symbols and Pictographs,:dog_face:,0.086,0.252,0.662,ğŸ¶,0.576
ğŸŒš,0x1f31a,148,0.76,0.159,0.219,0.623,0.464,,NEW MOON WITH FACE,Miscellaneous Symbols and Pictographs,:new_moon_face:,0.159,0.219,0.623,ğŸŒš,0.464
ğŸ‘½,0x1f47d,146,0.612,0.094,0.497,0.409,0.315,,EXTRATERRESTRIAL ALIEN,Miscellaneous Symbols and Pictographs,:alien:,0.094,0.497,0.409,ğŸ‘½,0.315
ğŸ¤,0x1f3a4,144,0.671,0.122,0.279,0.599,0.476,,MICROPHONE,Miscellaneous Symbols and Pictographs,:microphone:,0.122,0.279,0.599,ğŸ¤,0.476
ğŸ‘­,0x1f46d,144,0.667,0.143,0.252,0.605,0.463,,TWO WOMEN HOLDING HANDS,Miscellaneous Symbols and Pictographs,:women_holding_hands:,0.143,0.252,0.605,ğŸ‘­,0.463
ğŸ§,0x1f3a7,142,0.843,0.131,0.324,0.545,0.414,,HEADPHONE,Miscellaneous Symbols and Pictographs,:headphone:,0.131,0.324,0.545,ğŸ§,0.414
ğŸ‘†,0x1f446,138,0.787,0.121,0.433,0.447,0.326,,WHITE UP POINTING BACKHAND INDEX,Miscellaneous Symbols and Pictographs,:backhand_index_pointing_up:,0.121,0.433,0.447,ğŸ‘†,0.326
ğŸ¸,0x1f378,138,0.663,0.092,0.277,0.631,0.539,,COCKTAIL GLASS,Miscellaneous Symbols and Pictographs,:cocktail_glass:,0.092,0.277,0.631,ğŸ¸,0.539
ğŸ·,0x1f377,137,0.604,0.057,0.493,0.45,0.393,,WINE GLASS,Miscellaneous Symbols and Pictographs,:wine_glass:,0.057,0.493,0.45,ğŸ·,0.393
Â®,0xae,137,0.353,0.071,0.579,0.35,0.279,,REGISTERED SIGN,Latin-1 Supplement,:registered:,0.071,0.579,0.35,Â®,0.279
ğŸ‰,0x1f349,136,0.648,0.079,0.245,0.676,0.597,,WATERMELON,Miscellaneous Symbols and Pictographs,:watermelon:,0.079,0.245,0.676,ğŸ‰,0.597
ğŸ˜‡,0x1f607,135,0.782,0.072,0.268,0.659,0.587,,SMILING FACE WITH HALO,Emoticons,:smiling_face_with_halo:,0.072,0.268,0.659,ğŸ˜‡,0.587
â˜‘,0x2611,135,0.69,0.022,0.855,0.123,0.101,,BALLOT BOX WITH CHECK,Miscellaneous Symbols,:check_box_with_check:,0.022,0.855,0.123,â˜‘,0.101
ğŸƒ,0x1f3c3,135,0.735,0.094,0.406,0.5,0.406,,RUNNER,Miscellaneous Symbols and Pictographs,:person_running:,0.094,0.406,0.5,ğŸƒ,0.406
ğŸ˜¿,0x1f63f,134,0.812,0.577,0.219,0.204,-0.372,,CRYING CAT FACE,Emoticons,:crying_cat:,0.577,0.219,0.204,ğŸ˜¿,-0.372
â”‚,0x2502,134,0.483,0.007,0.642,0.35,0.343,,BOX DRAWINGS LIGHT VERTICAL,Box Drawing,â”‚,0.007,0.642,0.35,â”‚,0.343
ğŸ’£,0x1f4a3,131,0.847,0.306,0.381,0.313,0.007,,BOMB,Miscellaneous Symbols and Pictographs,:bomb:,0.306,0.381,0.313,ğŸ’£,0.007
ğŸº,0x1f37a,131,0.682,0.067,0.373,0.56,0.493,,BEER MUG,Miscellaneous Symbols and Pictographs,:beer_mug:,0.067,0.373,0.56,ğŸº,0.493
â–¶,0x25b6,131,0.498,0.06,0.672,0.269,0.209,,BLACK RIGHT-POINTING TRIANGLE,Geometric Shapes,:play_button:,0.06,0.672,0.269,â–¶,0.209
ğŸ˜²,0x1f632,129,0.854,0.386,0.295,0.318,-0.068,,ASTONISHED FACE,Emoticons,:astonished_face:,0.386,0.295,0.318,ğŸ˜²,-0.068
ğŸ¸,0x1f3b8,125,0.605,0.016,0.453,0.531,0.516,,GUITAR,Miscellaneous Symbols and Pictographs,:guitar:,0.016,0.453,0.531,ğŸ¸,0.516
ğŸ¹,0x1f379,123,0.764,0.048,0.246,0.706,0.659,,TROPICAL DRINK,Miscellaneous Symbols and Pictographs,:tropical_drink:,0.048,0.246,0.706,ğŸ¹,0.659
ğŸ’«,0x1f4ab,121,0.614,0.04,0.419,0.54,0.5,,DIZZY SYMBOL,Miscellaneous Symbols and Pictographs,:dizzy:,0.04,0.419,0.54,ğŸ’«,0.5
ğŸ“š,0x1f4da,119,0.692,0.189,0.287,0.525,0.336,,BOOKS,Miscellaneous Symbols and Pictographs,:books:,0.189,0.287,0.525,ğŸ“š,0.336
ğŸ˜¶,0x1f636,117,0.869,0.425,0.292,0.283,-0.142,,FACE WITHOUT MOUTH,Emoticons,:face_without_mouth:,0.425,0.292,0.283,ğŸ˜¶,-0.142
ğŸŒ·,0x1f337,116,0.623,0.008,0.445,0.546,0.538,,TULIP,Miscellaneous Symbols and Pictographs,:tulip:,0.008,0.445,0.546,ğŸŒ·,0.538
ğŸ’,0x1f49d,115,0.774,0.076,0.203,0.72,0.644,,HEART WITH RIBBON,Miscellaneous Symbols and Pictographs,:heart_with_ribbon:,0.076,0.203,0.72,ğŸ’,0.644
ğŸ’¨,0x1f4a8,115,0.711,0.11,0.398,0.492,0.381,,DASH SYMBOL,Miscellaneous Symbols and Pictographs,:dashing_away:,0.11,0.398,0.492,ğŸ’¨,0.381
ğŸˆ,0x1f3c8,114,0.823,0.068,0.333,0.598,0.53,,AMERICAN FOOTBALL,Miscellaneous Symbols and Pictographs,:american_football:,0.068,0.333,0.598,ğŸˆ,0.53
ğŸ’,0x1f48d,112,0.808,0.148,0.226,0.626,0.478,,RING,Miscellaneous Symbols and Pictographs,:ring:,0.148,0.226,0.626,ğŸ’,0.478
â˜”,0x2614,111,0.687,0.193,0.325,0.482,0.289,,UMBRELLA WITH RAIN DROPS,Miscellaneous Symbols,:umbrella_with_rain_drops:,0.193,0.325,0.482,â˜”,0.289
ğŸ‘¸,0x1f478,111,0.654,0.061,0.272,0.667,0.605,,PRINCESS,Miscellaneous Symbols and Pictographs,:princess:,0.061,0.272,0.667,ğŸ‘¸,0.605
ğŸ‡ª,0x1f1ea,109,0.699,0.027,0.33,0.643,0.616,,REGIONAL INDICATOR SYMBOL LETTER E,Enclosed Alphanumeric Supplement,ğŸ‡ª,0.027,0.33,0.643,ğŸ‡ª,0.616
â–‘,0x2591,108,0.439,0.234,0.577,0.189,-0.045,,LIGHT SHADE,Block Elements,â–‘,0.234,0.577,0.189,â–‘,-0.045
ğŸ©,0x1f369,107,0.709,0.145,0.327,0.527,0.382,,DOUGHNUT,Miscellaneous Symbols and Pictographs,:doughnut:,0.145,0.327,0.527,ğŸ©,0.382
ğŸ‘¾,0x1f47e,105,0.552,0.019,0.602,0.38,0.361,,ALIEN MONSTER,Miscellaneous Symbols and Pictographs,:alien_monster:,0.019,0.602,0.38,ğŸ‘¾,0.361
â˜,0x2601,104,0.596,0.14,0.411,0.449,0.308,,CLOUD,Miscellaneous Symbols,:cloud:,0.14,0.411,0.449,â˜,0.308
ğŸŒ»,0x1f33b,104,0.607,0.019,0.393,0.589,0.57,,SUNFLOWER,Miscellaneous Symbols and Pictographs,:sunflower:,0.019,0.393,0.589,ğŸŒ»,0.57
ğŸ˜µ,0x1f635,103,0.809,0.321,0.274,0.406,0.085,,DIZZY FACE,Emoticons,:face_with_crossed-out_eyes:,0.321,0.274,0.406,ğŸ˜µ,0.085
ğŸ“’,0x1f4d2,102,0.474,0.01,0.943,0.048,0.038,,LEDGER,Miscellaneous Symbols and Pictographs,:ledger:,0.01,0.943,0.048,ğŸ“’,0.038
â†¿,0x21bf,102,0.711,0.01,0.333,0.657,0.648,,UPWARDS HARPOON WITH BARB LEFTWARDS,Arrows,â†¿,0.01,0.333,0.657,â†¿,0.648
ğŸ¯,0x1f42f,100,0.55,0.049,0.427,0.524,0.476,,TIGER FACE,Miscellaneous Symbols and Pictographs,:tiger_face:,0.049,0.427,0.524,ğŸ¯,0.476
ğŸ‘¼,0x1f47c,99,0.683,0.176,0.314,0.51,0.333,,BABY ANGEL,Miscellaneous Symbols and Pictographs,:baby_angel:,0.176,0.314,0.51,ğŸ‘¼,0.333
ğŸ”,0x1f354,98,0.637,0.168,0.386,0.446,0.277,,HAMBURGER,Miscellaneous Symbols and Pictographs,:hamburger:,0.168,0.386,0.446,ğŸ”,0.277
ğŸ˜¸,0x1f638,97,0.782,0.12,0.35,0.53,0.41,,GRINNING CAT FACE WITH SMILING EYES,Emoticons,:grinning_cat_with_smiling_eyes:,0.12,0.35,0.53,ğŸ˜¸,0.41
ğŸ‘¶,0x1f476,96,0.745,0.141,0.283,0.576,0.434,,BABY,Miscellaneous Symbols and Pictographs,:baby:,0.141,0.283,0.576,ğŸ‘¶,0.434
â†¾,0x21be,96,0.707,0.01,0.333,0.657,0.646,,UPWARDS HARPOON WITH BARB RIGHTWARDS,Arrows,â†¾,0.01,0.333,0.657,â†¾,0.646
ğŸ’,0x1f490,95,0.728,0.041,0.184,0.776,0.735,,BOUQUET,Miscellaneous Symbols and Pictographs,:bouquet:,0.041,0.184,0.776,ğŸ’,0.735
ğŸŒŠ,0x1f30a,95,0.78,0.092,0.316,0.592,0.5,,WATER WAVE,Miscellaneous Symbols and Pictographs,:water_wave:,0.092,0.316,0.592,ğŸŒŠ,0.5
ğŸ¦,0x1f366,95,0.63,0.143,0.255,0.602,0.459,,SOFT ICE CREAM,Miscellaneous Symbols and Pictographs,:soft_ice_cream:,0.143,0.255,0.602,ğŸ¦,0.459
ğŸ“,0x1f353,94,0.689,0.041,0.247,0.711,0.67,,STRAWBERRY,Miscellaneous Symbols and Pictographs,:strawberry:,0.041,0.247,0.711,ğŸ“,0.67
ğŸ‘‡,0x1f447,94,0.557,0.144,0.464,0.392,0.247,,WHITE DOWN POINTING BACKHAND INDEX,Miscellaneous Symbols and Pictographs,:backhand_index_pointing_down:,0.144,0.464,0.392,ğŸ‘‡,0.247
ğŸ’†,0x1f486,92,0.814,0.263,0.253,0.484,0.221,,FACE MASSAGE,Miscellaneous Symbols and Pictographs,:person_getting_massage:,0.263,0.253,0.484,ğŸ’†,0.221
ğŸ´,0x1f374,92,0.58,0.053,0.358,0.589,0.537,,FORK AND KNIFE,Miscellaneous Symbols and Pictographs,:fork_and_knife:,0.053,0.358,0.589,ğŸ´,0.537
ğŸ˜§,0x1f627,92,0.775,0.389,0.284,0.326,-0.063,,ANGUISHED FACE,Emoticons,:anguished_face:,0.389,0.284,0.326,ğŸ˜§,-0.063
ğŸ‡¸,0x1f1f8,91,0.655,0.096,0.298,0.606,0.511,,REGIONAL INDICATOR SYMBOL LETTER S,Enclosed Alphanumeric Supplement,ğŸ‡¸,0.096,0.298,0.606,ğŸ‡¸,0.511
ğŸ˜®,0x1f62e,90,0.774,0.183,0.366,0.452,0.269,,FACE WITH OPEN MOUTH,Emoticons,:face_with_open_mouth:,0.183,0.366,0.452,ğŸ˜®,0.269
â–“,0x2593,90,0.658,0.032,0.925,0.043,0.011,,DARK SHADE,Block Elements,â–“,0.032,0.925,0.043,â–“,0.011
ğŸš«,0x1f6ab,88,0.703,0.538,0.363,0.099,-0.44,,NO ENTRY SIGN,Transport and Map Symbols,:prohibited:,0.538,0.363,0.099,ğŸš«,-0.44
ğŸ˜½,0x1f63d,88,0.754,0.132,0.165,0.703,0.571,,KISSING CAT FACE WITH CLOSED EYES,Emoticons,:kissing_cat:,0.132,0.165,0.703,ğŸ˜½,0.571
ğŸŒˆ,0x1f308,88,0.672,0.066,0.352,0.582,0.516,,RAINBOW,Miscellaneous Symbols and Pictographs,:rainbow:,0.066,0.352,0.582,ğŸŒˆ,0.516
ğŸ™€,0x1f640,88,0.791,0.165,0.341,0.495,0.33,,WEARY CAT FACE,Emoticons,:weary_cat:,0.165,0.341,0.495,ğŸ™€,0.33
âš ,0x26a0,88,0.489,0.187,0.692,0.121,-0.066,,WARNING SIGN,Miscellaneous Symbols,:warning:,0.187,0.692,0.121,âš ,-0.066
ğŸ®,0x1f3ae,86,0.467,0.101,0.371,0.528,0.427,,VIDEO GAME,Miscellaneous Symbols and Pictographs,:video_game:,0.101,0.371,0.528,ğŸ®,0.427
â•¯,0x256f,84,0.507,0.23,0.552,0.218,-0.011,,BOX DRAWINGS LIGHT ARC UP AND LEFT,Box Drawing,â•¯,0.23,0.552,0.218,â•¯,-0.011
ğŸ†,0x1f346,84,0.719,0.08,0.437,0.483,0.402,,AUBERGINE,Miscellaneous Symbols and Pictographs,:eggplant:,0.08,0.437,0.483,ğŸ†,0.402
ğŸ°,0x1f370,84,0.783,0.161,0.23,0.609,0.448,,SHORTCAKE,Miscellaneous Symbols and Pictographs,:shortcake:,0.161,0.23,0.609,ğŸ°,0.448
âœ“,0x2713,84,0.628,0.115,0.483,0.402,0.287,,CHECK MARK,Dingbats,âœ“,0.115,0.483,0.402,âœ“,0.287
ğŸ‘,0x1f450,83,0.876,0.395,0.233,0.372,-0.023,,OPEN HANDS SIGN,Miscellaneous Symbols and Pictographs,:open_hands:,0.395,0.233,0.372,ğŸ‘,-0.023
ğŸ™‡,0x1f647,83,0.794,0.291,0.279,0.43,0.14,,PERSON BOWING DEEPLY,Emoticons,:person_bowing:,0.291,0.279,0.43,ğŸ™‡,0.14
ğŸŸ,0x1f35f,83,0.65,0.174,0.349,0.477,0.302,,FRENCH FRIES,Miscellaneous Symbols and Pictographs,:french_fries:,0.174,0.349,0.477,ğŸŸ,0.302
ğŸŒ,0x1f34c,82,0.541,0.129,0.306,0.565,0.435,,BANANA,Miscellaneous Symbols and Pictographs,:banana:,0.129,0.306,0.565,ğŸŒ,0.435
ğŸ’‘,0x1f491,82,0.683,0.071,0.2,0.729,0.659,,COUPLE WITH HEART,Miscellaneous Symbols and Pictographs,:couple_with_heart:,0.071,0.2,0.729,ğŸ’‘,0.659
ğŸ‘¬,0x1f46c,82,0.622,0.353,0.353,0.294,-0.059,,TWO MEN HOLDING HANDS,Miscellaneous Symbols and Pictographs,:men_holding_hands:,0.353,0.353,0.294,ğŸ‘¬,-0.059
ğŸ£,0x1f423,81,0.776,0.155,0.214,0.631,0.476,,HATCHING CHICK,Miscellaneous Symbols and Pictographs,:hatching_chick:,0.155,0.214,0.631,ğŸ£,0.476
ğŸƒ,0x1f383,81,0.724,0.083,0.238,0.679,0.595,,JACK-O-LANTERN,Miscellaneous Symbols and Pictographs,:jack-o-lantern:,0.083,0.238,0.679,ğŸƒ,0.595
â–¬,0x25ac,81,0.335,0.012,0.512,0.476,0.464,,BLACK RECTANGLE,Geometric Shapes,â–¬,0.012,0.512,0.476,â–¬,0.464
ï¿¼,0xfffc,81,0.309,0.536,0.405,0.06,-0.476,,OBJECT REPLACEMENT CHARACTER,Specials,ï¿¼,0.536,0.405,0.06,ï¿¼,-0.476
ğŸ˜Ÿ,0x1f61f,80,0.824,0.349,0.229,0.422,0.072,,WORRIED FACE,Emoticons,:worried_face:,0.349,0.229,0.422,ğŸ˜Ÿ,0.072
ğŸ¾,0x1f43e,78,0.739,0.111,0.173,0.716,0.605,,PAW PRINTS,Miscellaneous Symbols and Pictographs,:paw_prints:,0.111,0.173,0.716,ğŸ¾,0.605
ğŸ“,0x1f393,77,0.647,0.1,0.238,0.663,0.563,,GRADUATION CAP,Miscellaneous Symbols and Pictographs,:graduation_cap:,0.1,0.238,0.663,ğŸ“,0.563
ğŸŠ,0x1f3ca,77,0.653,0.038,0.35,0.613,0.575,,SWIMMER,Miscellaneous Symbols and Pictographs,:person_swimming:,0.038,0.35,0.613,ğŸŠ,0.575
ğŸ«,0x1f36b,76,0.793,0.291,0.266,0.443,0.152,,CHOCOLATE BAR,Miscellaneous Symbols and Pictographs,:chocolate_bar:,0.291,0.266,0.443,ğŸ«,0.152
ğŸ“·,0x1f4f7,76,0.49,0.101,0.367,0.532,0.43,,CAMERA,Miscellaneous Symbols and Pictographs,:camera:,0.101,0.367,0.532,ğŸ“·,0.43
ğŸ‘„,0x1f444,75,0.592,0.077,0.372,0.551,0.474,,MOUTH,Miscellaneous Symbols and Pictographs,:mouth:,0.077,0.372,0.551,ğŸ‘„,0.474
ğŸŒ¼,0x1f33c,74,0.604,0.026,0.169,0.805,0.779,,BLOSSOM,Miscellaneous Symbols and Pictographs,:blossom:,0.026,0.169,0.805,ğŸŒ¼,0.779
ğŸš¶,0x1f6b6,74,0.797,0.377,0.39,0.234,-0.143,,PEDESTRIAN,Transport and Map Symbols,:person_walking:,0.377,0.39,0.234,ğŸš¶,-0.143
ğŸ±,0x1f431,73,0.544,0.145,0.197,0.658,0.513,,CAT FACE,Miscellaneous Symbols and Pictographs,:cat_face:,0.145,0.197,0.658,ğŸ±,0.513
â•‘,0x2551,73,0.568,0.013,0.829,0.158,0.145,,BOX DRAWINGS DOUBLE VERTICAL,Box Drawing,â•‘,0.013,0.829,0.158,â•‘,0.145
ğŸ¸,0x1f438,72,0.846,0.333,0.413,0.253,-0.08,,FROG FACE,Miscellaneous Symbols and Pictographs,:frog:,0.333,0.413,0.253,ğŸ¸,-0.08
ğŸ‡º,0x1f1fa,71,0.683,0.122,0.216,0.662,0.541,,REGIONAL INDICATOR SYMBOL LETTER U,Enclosed Alphanumeric Supplement,ğŸ‡º,0.122,0.216,0.662,ğŸ‡º,0.541
ğŸ‘¿,0x1f47f,70,0.911,0.658,0.219,0.123,-0.534,,IMP,Miscellaneous Symbols and Pictographs,:angry_face_with_horns:,0.658,0.219,0.123,ğŸ‘¿,-0.534
ğŸš¬,0x1f6ac,70,0.805,0.123,0.233,0.644,0.521,,SMOKING SYMBOL,Transport and Map Symbols,:cigarette:,0.123,0.233,0.644,ğŸš¬,0.521
âœ¿,0x273f,70,0.499,0.041,0.534,0.425,0.384,,BLACK FLORETTE,Dingbats,âœ¿,0.041,0.534,0.425,âœ¿,0.384
ğŸ“–,0x1f4d6,68,0.71,0.268,0.296,0.437,0.169,,OPEN BOOK,Miscellaneous Symbols and Pictographs,:open_book:,0.268,0.296,0.437,ğŸ“–,0.169
ğŸ’,0x1f412,68,0.64,0.028,0.423,0.549,0.521,,MONKEY,Miscellaneous Symbols and Pictographs,:monkey:,0.028,0.423,0.549,ğŸ’,0.521
ğŸŒ,0x1f30d,68,0.624,0.085,0.239,0.676,0.592,,EARTH GLOBE EUROPE-AFRICA,Miscellaneous Symbols and Pictographs,:globe_showing_Europe-Africa:,0.085,0.239,0.676,ğŸŒ,0.592
â”Š,0x250a,68,0.682,0.014,0.014,0.972,0.958,,BOX DRAWINGS LIGHT QUADRUPLE DASH VERTICAL,Box Drawing,â”Š,0.014,0.014,0.972,â”Š,0.958
ğŸ¥,0x1f425,67,0.78,0.071,0.271,0.657,0.586,,FRONT-FACING BABY CHICK,Miscellaneous Symbols and Pictographs,:front-facing_baby_chick:,0.071,0.271,0.657,ğŸ¥,0.586
ğŸŒ€,0x1f300,66,0.553,0.159,0.58,0.261,0.101,,CYCLONE,Miscellaneous Symbols and Pictographs,:cyclone:,0.159,0.58,0.261,ğŸŒ€,0.101
ğŸ¼,0x1f43c,66,0.614,0.072,0.594,0.333,0.261,,PANDA FACE,Miscellaneous Symbols and Pictographs,:panda:,0.072,0.594,0.333,ğŸ¼,0.261
ğŸ¥,0x1f3a5,66,0.676,0.13,0.449,0.42,0.29,,MOVIE CAMERA,Miscellaneous Symbols and Pictographs,:movie_camera:,0.13,0.449,0.42,ğŸ¥,0.29
ğŸ’„,0x1f484,66,0.637,0.101,0.362,0.536,0.435,,LIPSTICK,Miscellaneous Symbols and Pictographs,:lipstick:,0.101,0.362,0.536,ğŸ’„,0.435
ğŸ’¸,0x1f4b8,66,0.79,0.246,0.348,0.406,0.159,,MONEY WITH WINGS,Miscellaneous Symbols and Pictographs,:money_with_wings:,0.246,0.348,0.406,ğŸ’¸,0.159
â›”,0x26d4,65,0.406,0.088,0.338,0.574,0.485,,NO ENTRY,Miscellaneous Symbols,:no_entry:,0.088,0.338,0.574,â›”,0.485
â—,0x25cf,65,0.561,0.132,0.559,0.309,0.176,,BLACK CIRCLE,Geometric Shapes,â—,0.132,0.559,0.309,â—,0.176
ğŸ€,0x1f3c0,64,0.807,0.209,0.328,0.463,0.254,,BASKETBALL AND HOOP,Miscellaneous Symbols and Pictographs,:basketball:,0.209,0.328,0.463,ğŸ€,0.254
ğŸ’‰,0x1f489,64,0.75,0.179,0.284,0.537,0.358,,SYRINGE,Miscellaneous Symbols and Pictographs,:syringe:,0.179,0.284,0.537,ğŸ’‰,0.358
ğŸ’Ÿ,0x1f49f,63,0.788,0.061,0.197,0.742,0.682,,HEART DECORATION,Miscellaneous Symbols and Pictographs,:heart_decoration:,0.061,0.197,0.742,ğŸ’Ÿ,0.682
ğŸš—,0x1f697,62,0.638,0.138,0.492,0.369,0.231,,AUTOMOBILE,Transport and Map Symbols,:automobile:,0.138,0.492,0.369,ğŸš—,0.231
ğŸ˜¯,0x1f62f,62,0.859,0.262,0.354,0.385,0.123,,HUSHED FACE,Emoticons,:hushed_face:,0.262,0.354,0.385,ğŸ˜¯,0.123
ğŸ“,0x1f4dd,62,0.795,0.138,0.492,0.369,0.231,,MEMO,Miscellaneous Symbols and Pictographs,:memo:,0.138,0.492,0.369,ğŸ“,0.231
â•,0x2550,62,0.441,0.015,0.954,0.031,0.015,,BOX DRAWINGS DOUBLE HORIZONTAL,Box Drawing,â•,0.015,0.954,0.031,â•,0.015
â™¦,0x2666,61,0.562,0.109,0.328,0.563,0.453,,BLACK DIAMOND SUIT,Miscellaneous Symbols,:diamond_suit:,0.109,0.328,0.563,â™¦,0.453
ğŸ’­,0x1f4ad,60,0.688,0.175,0.444,0.381,0.206,,THOUGHT BALLOON,Miscellaneous Symbols and Pictographs,:thought_balloon:,0.175,0.444,0.381,ğŸ’­,0.206
ğŸŒ™,0x1f319,58,0.669,0.066,0.279,0.656,0.59,,CRESCENT MOON,Miscellaneous Symbols and Pictographs,:crescent_moon:,0.066,0.279,0.656,ğŸŒ™,0.59
ğŸŸ,0x1f41f,58,0.677,0.049,0.213,0.738,0.689,,FISH,Miscellaneous Symbols and Pictographs,:fish:,0.049,0.213,0.738,ğŸŸ,0.689
ğŸ‘£,0x1f463,58,0.639,0.115,0.426,0.459,0.344,,FOOTPRINTS,Miscellaneous Symbols and Pictographs,:footprints:,0.115,0.426,0.459,ğŸ‘£,0.344
â˜,0x261e,58,0.725,0.016,0.852,0.131,0.115,,WHITE RIGHT POINTING INDEX,Miscellaneous Symbols,â˜,0.016,0.852,0.131,â˜,0.115
âœ‚,0x2702,58,0.81,0.574,0.311,0.115,-0.459,,BLACK SCISSORS,Dingbats,:scissors:,0.574,0.311,0.115,âœ‚,-0.459
ğŸ—¿,0x1f5ff,58,0.942,0.098,0.361,0.541,0.443,,MOYAI,Miscellaneous Symbols and Pictographs,:moai:,0.098,0.361,0.541,ğŸ—¿,0.443
ğŸ,0x1f35d,57,0.564,0.283,0.317,0.4,0.117,,SPAGHETTI,Miscellaneous Symbols and Pictographs,:spaghetti:,0.283,0.317,0.4,ğŸ,0.117
ğŸ‘ª,0x1f46a,57,0.653,0.417,0.183,0.4,-0.017,,FAMILY,Miscellaneous Symbols and Pictographs,:family:,0.417,0.183,0.4,ğŸ‘ª,-0.017
ğŸ­,0x1f36d,57,0.633,0.167,0.367,0.467,0.3,,LOLLIPOP,Miscellaneous Symbols and Pictographs,:lollipop:,0.167,0.367,0.467,ğŸ­,0.3
ğŸŒƒ,0x1f303,56,0.748,0.068,0.475,0.458,0.39,,NIGHT WITH STARS,Miscellaneous Symbols and Pictographs,:night_with_stars:,0.068,0.475,0.458,ğŸŒƒ,0.39
âŒ,0x274c,56,0.613,0.254,0.22,0.525,0.271,,CROSS MARK,Dingbats,:cross_mark:,0.254,0.22,0.525,âŒ,0.271
ğŸ°,0x1f430,55,0.708,0.086,0.241,0.672,0.586,,RABBIT FACE,Miscellaneous Symbols and Pictographs,:rabbit_face:,0.086,0.241,0.672,ğŸ°,0.586
ğŸ’Š,0x1f48a,55,0.675,0.155,0.259,0.586,0.431,,PILL,Miscellaneous Symbols and Pictographs,:pill:,0.155,0.259,0.586,ğŸ’Š,0.431
ğŸš¨,0x1f6a8,55,0.521,0.121,0.121,0.759,0.638,,POLICE CARS REVOLVING LIGHT,Transport and Map Symbols,:police_car_light:,0.121,0.121,0.759,ğŸš¨,0.638
ğŸ˜¦,0x1f626,54,0.882,0.544,0.281,0.175,-0.368,,FROWNING FACE WITH OPEN MOUTH,Emoticons,:frowning_face_with_open_mouth:,0.544,0.281,0.175,ğŸ˜¦,-0.368
ğŸª,0x1f36a,54,0.737,0.193,0.298,0.509,0.316,,COOKIE,Miscellaneous Symbols and Pictographs,:cookie:,0.193,0.298,0.509,ğŸª,0.316
ğŸ£,0x1f363,53,0.67,0.446,0.339,0.214,-0.232,,SUSHI,Miscellaneous Symbols and Pictographs,:sushi:,0.446,0.339,0.214,ğŸ£,-0.232
â•­,0x256d,53,0.49,0.071,0.696,0.232,0.161,,BOX DRAWINGS LIGHT ARC DOWN AND RIGHT,Box Drawing,â•­,0.071,0.696,0.232,â•­,0.161
âœ§,0x2727,53,0.399,0.036,0.607,0.357,0.321,,WHITE FOUR POINTED STAR,Dingbats,âœ§,0.036,0.607,0.357,âœ§,0.321
ğŸ†,0x1f386,52,0.799,0.055,0.182,0.764,0.709,,FIREWORKS,Miscellaneous Symbols and Pictographs,:fireworks:,0.055,0.182,0.764,ğŸ†,0.709
â•®,0x256e,52,0.423,0.109,0.655,0.236,0.127,,BOX DRAWINGS LIGHT ARC DOWN AND LEFT,Box Drawing,â•®,0.109,0.655,0.236,â•®,0.127
ğŸ,0x1f38e,51,0.417,0.019,0.056,0.926,0.907,,JAPANESE DOLLS,Miscellaneous Symbols and Pictographs,:Japanese_dolls:,0.019,0.056,0.926,ğŸ,0.907
ğŸ‡©,0x1f1e9,51,0.745,0.037,0.315,0.648,0.611,,REGIONAL INDICATOR SYMBOL LETTER D,Enclosed Alphanumeric Supplement,ğŸ‡©,0.037,0.315,0.648,ğŸ‡©,0.611
âœ…,0x2705,51,0.673,0.074,0.444,0.481,0.407,,WHITE HEAVY CHECK MARK,Dingbats,:check_mark_button:,0.074,0.444,0.481,âœ…,0.407
ğŸ‘¹,0x1f479,49,0.701,0.269,0.404,0.327,0.058,,JAPANESE OGRE,Miscellaneous Symbols and Pictographs,:ogre:,0.269,0.404,0.327,ğŸ‘¹,0.058
ğŸ“±,0x1f4f1,49,0.72,0.096,0.5,0.404,0.308,,MOBILE PHONE,Miscellaneous Symbols and Pictographs,:mobile_phone:,0.096,0.5,0.404,ğŸ“±,0.308
ğŸ™,0x1f64d,49,0.845,0.577,0.173,0.25,-0.327,,PERSON FROWNING,Emoticons,:person_frowning:,0.577,0.173,0.25,ğŸ™,-0.327
ğŸ‘,0x1f351,49,0.739,0.25,0.25,0.5,0.25,,PEACH,Miscellaneous Symbols and Pictographs,:peach:,0.25,0.25,0.5,ğŸ‘,0.25
ğŸ¼,0x1f3bc,49,0.636,0.058,0.558,0.385,0.327,,MUSICAL SCORE,Miscellaneous Symbols and Pictographs,:musical_score:,0.058,0.558,0.385,ğŸ¼,0.327
ğŸ”Š,0x1f50a,49,0.652,0.096,0.404,0.5,0.404,,SPEAKER WITH THREE SOUND WAVES,Miscellaneous Symbols and Pictographs,:speaker_high_volume:,0.096,0.404,0.5,ğŸ”Š,0.404
ğŸŒŒ,0x1f30c,47,0.751,0.12,0.24,0.64,0.52,,MILKY WAY,Miscellaneous Symbols and Pictographs,:milky_way:,0.12,0.24,0.64,ğŸŒŒ,0.52
ğŸ,0x1f34e,47,0.751,0.14,0.4,0.46,0.32,,RED APPLE,Miscellaneous Symbols and Pictographs,:red_apple:,0.14,0.4,0.46,ğŸ,0.32
ğŸ»,0x1f43b,47,0.692,0.14,0.28,0.58,0.44,,BEAR FACE,Miscellaneous Symbols and Pictographs,:bear:,0.14,0.28,0.58,ğŸ»,0.44
â”€,0x2500,47,0.711,0.02,0.82,0.16,0.14,,BOX DRAWINGS LIGHT HORIZONTAL,Box Drawing,â”€,0.02,0.82,0.16,â”€,0.14
â•°,0x2570,47,0.51,0.16,0.74,0.1,-0.06,,BOX DRAWINGS LIGHT ARC UP AND RIGHT,Box Drawing,â•°,0.16,0.74,0.1,â•°,-0.06
ğŸ’‡,0x1f487,46,0.678,0.163,0.347,0.49,0.327,,HAIRCUT,Miscellaneous Symbols and Pictographs,:person_getting_haircut:,0.163,0.347,0.49,ğŸ’‡,0.327
â™¬,0x266c,46,0.677,0.102,0.551,0.347,0.245,,BEAMED SIXTEENTH NOTES,Miscellaneous Symbols,â™¬,0.102,0.551,0.347,â™¬,0.245
â™š,0x265a,46,0.389,0.02,0.918,0.061,0.041,,BLACK CHESS KING,Miscellaneous Symbols,â™š,0.02,0.918,0.061,â™š,0.041
ğŸ”´,0x1f534,45,0.656,0.042,0.521,0.438,0.396,,LARGE RED CIRCLE,Miscellaneous Symbols and Pictographs,:red_circle:,0.042,0.521,0.438,ğŸ”´,0.396
ğŸ±,0x1f371,45,0.58,0.542,0.229,0.229,-0.313,,BENTO BOX,Miscellaneous Symbols and Pictographs,:bento_box:,0.542,0.229,0.229,ğŸ±,-0.313
ğŸŠ,0x1f34a,45,0.697,0.146,0.292,0.563,0.417,,TANGERINE,Miscellaneous Symbols and Pictographs,:tangerine:,0.146,0.292,0.563,ğŸŠ,0.417
ğŸ’,0x1f352,45,0.619,0.146,0.396,0.458,0.313,,CHERRIES,Miscellaneous Symbols and Pictographs,:cherries:,0.146,0.396,0.458,ğŸ’,0.313
ğŸ­,0x1f42d,45,0.823,0.021,0.271,0.708,0.688,,MOUSE FACE,Miscellaneous Symbols and Pictographs,:mouse_face:,0.021,0.271,0.708,ğŸ­,0.688
ğŸ‘Ÿ,0x1f45f,45,0.562,0.125,0.333,0.542,0.417,,ATHLETIC SHOE,Miscellaneous Symbols and Pictographs,:running_shoe:,0.125,0.333,0.542,ğŸ‘Ÿ,0.417
ğŸŒ,0x1f30e,44,0.743,0.128,0.426,0.447,0.319,,EARTH GLOBE AMERICAS,Miscellaneous Symbols and Pictographs,:globe_showing_Americas:,0.128,0.426,0.447,ğŸŒ,0.319
ğŸ,0x1f34d,44,0.583,0.17,0.191,0.638,0.468,,PINEAPPLE,Miscellaneous Symbols and Pictographs,:pineapple:,0.17,0.191,0.638,ğŸ,0.468
ğŸ®,0x1f42e,43,0.847,0.065,0.283,0.652,0.587,,COW FACE,Miscellaneous Symbols and Pictographs,:cow_face:,0.065,0.283,0.652,ğŸ®,0.587
ğŸ“²,0x1f4f2,43,0.598,0.174,0.413,0.413,0.239,,MOBILE PHONE WITH RIGHTWARDS ARROW AT LEFT,Miscellaneous Symbols and Pictographs,:mobile_phone_with_arrow:,0.174,0.413,0.413,ğŸ“²,0.239
â˜¼,0x263c,43,0.461,0.065,0.674,0.261,0.196,,WHITE SUN WITH RAYS,Miscellaneous Symbols,â˜¼,0.065,0.674,0.261,â˜¼,0.196
ğŸŒ…,0x1f305,42,0.604,0.156,0.333,0.511,0.356,,SUNRISE,Miscellaneous Symbols and Pictographs,:sunrise:,0.156,0.333,0.511,ğŸŒ…,0.356
ğŸ‡·,0x1f1f7,42,0.716,0.044,0.244,0.711,0.667,,REGIONAL INDICATOR SYMBOL LETTER R,Enclosed Alphanumeric Supplement,ğŸ‡·,0.044,0.244,0.711,ğŸ‡·,0.667
ğŸ‘ ,0x1f460,42,0.637,0.156,0.333,0.511,0.356,,HIGH-HEELED SHOE,Miscellaneous Symbols and Pictographs,:high-heeled_shoe:,0.156,0.333,0.511,ğŸ‘ ,0.356
ğŸŒ½,0x1f33d,42,0.649,0.133,0.289,0.578,0.444,,EAR OF MAIZE,Miscellaneous Symbols and Pictographs,:ear_of_corn:,0.133,0.289,0.578,ğŸŒ½,0.444
ğŸ’§,0x1f4a7,41,0.768,0.477,0.205,0.318,-0.159,,DROPLET,Miscellaneous Symbols and Pictographs,:droplet:,0.477,0.205,0.318,ğŸ’§,-0.159
â“,0x2753,41,0.615,0.182,0.568,0.25,0.068,,BLACK QUESTION MARK ORNAMENT,Dingbats,:red_question_mark:,0.182,0.568,0.25,â“,0.068
ğŸ¬,0x1f36c,41,0.784,0.205,0.227,0.568,0.364,,CANDY,Miscellaneous Symbols and Pictographs,:candy:,0.205,0.227,0.568,ğŸ¬,0.364
ğŸ˜º,0x1f63a,40,0.826,0.209,0.186,0.605,0.395,,SMILING CAT FACE WITH OPEN MOUTH,Emoticons,:grinning_cat:,0.209,0.186,0.605,ğŸ˜º,0.395
ğŸ´,0x1f434,40,0.796,0.209,0.512,0.279,0.07,,HORSE FACE,Miscellaneous Symbols and Pictographs,:horse_face:,0.209,0.512,0.279,ğŸ´,0.07
ğŸš€,0x1f680,40,0.698,0.07,0.372,0.558,0.488,,ROCKET,Transport and Map Symbols,:rocket:,0.07,0.372,0.558,ğŸš€,0.488
Â¦,0xa6,40,0.402,0.186,0.047,0.767,0.581,,BROKEN BAR,Latin-1 Supplement,Â¦,0.186,0.047,0.767,Â¦,0.581
ğŸ’¢,0x1f4a2,40,0.561,0.163,0.442,0.395,0.233,,ANGER SYMBOL,Miscellaneous Symbols and Pictographs,:anger_symbol:,0.163,0.442,0.395,ğŸ’¢,0.233
ğŸ¬,0x1f3ac,40,0.65,0.07,0.581,0.349,0.279,,CLAPPER BOARD,Miscellaneous Symbols and Pictographs,:clapper_board:,0.07,0.581,0.349,ğŸ¬,0.279
ğŸ§,0x1f367,40,0.675,0.233,0.233,0.535,0.302,,SHAVED ICE,Miscellaneous Symbols and Pictographs,:shaved_ice:,0.233,0.233,0.535,ğŸ§,0.302
ğŸœ,0x1f35c,40,0.578,0.233,0.14,0.628,0.395,,STEAMING BOWL,Miscellaneous Symbols and Pictographs,:steaming_bowl:,0.233,0.14,0.628,ğŸœ,0.395
ğŸ,0x1f40f,40,0.976,0.07,0.302,0.628,0.558,,RAM,Miscellaneous Symbols and Pictographs,:ram:,0.07,0.302,0.628,ğŸ,0.558
ğŸ˜,0x1f418,40,0.722,0.233,0.512,0.256,0.023,,ELEPHANT,Miscellaneous Symbols and Pictographs,:elephant:,0.233,0.512,0.256,ğŸ˜,0.023
ğŸ‘§,0x1f467,40,0.649,0.256,0.349,0.395,0.14,,GIRL,Miscellaneous Symbols and Pictographs,:girl:,0.256,0.349,0.395,ğŸ‘§,0.14
â €,0x2800,40,0.378,0.163,0.628,0.209,0.047,,BRAILLE PATTERN BLANK,Braille Patterns,â €,0.163,0.628,0.209,â €,0.047
ğŸ„,0x1f3c4,39,0.773,0.071,0.333,0.595,0.524,,SURFER,Miscellaneous Symbols and Pictographs,:person_surfing:,0.071,0.333,0.595,ğŸ„,0.524
â¤,0x27a4,39,0.382,0.024,0.643,0.333,0.31,,BLACK RIGHTWARDS ARROWHEAD,Dingbats,â¤,0.024,0.643,0.333,â¤,0.31
â¬†,0x2b06,39,0.606,0.048,0.619,0.333,0.286,,UPWARDS BLACK ARROW,Miscellaneous Symbols and Arrows,:up_arrow:,0.048,0.619,0.333,â¬†,0.286
ğŸ‹,0x1f34b,38,0.743,0.171,0.415,0.415,0.244,,LEMON,Miscellaneous Symbols and Pictographs,:lemon:,0.171,0.415,0.415,ğŸ‹,0.244
ğŸ†—,0x1f197,38,0.852,0.171,0.122,0.707,0.537,,SQUARED OK,Enclosed Alphanumeric Supplement,:OK_button:,0.171,0.122,0.707,ğŸ†—,0.537
âšª,0x26aa,37,0.565,0.025,0.5,0.475,0.45,,MEDIUM WHITE CIRCLE,Miscellaneous Symbols,:white_circle:,0.025,0.5,0.475,âšª,0.45
ğŸ“º,0x1f4fa,37,0.614,0.1,0.425,0.475,0.375,,TELEVISION,Miscellaneous Symbols and Pictographs,:television:,0.1,0.425,0.475,ğŸ“º,0.375
ğŸ…,0x1f345,37,0.838,0.25,0.15,0.6,0.35,,TOMATO,Miscellaneous Symbols and Pictographs,:tomato:,0.25,0.15,0.6,ğŸ…,0.35
â›…,0x26c5,37,0.616,0.125,0.3,0.575,0.45,,SUN BEHIND CLOUD,Miscellaneous Symbols,:sun_behind_cloud:,0.125,0.3,0.575,â›…,0.45
ğŸ¢,0x1f422,37,0.622,0.175,0.45,0.375,0.2,,TURTLE,Miscellaneous Symbols and Pictographs,:turtle:,0.175,0.45,0.375,ğŸ¢,0.2
ğŸ‘™,0x1f459,37,0.697,0.1,0.3,0.6,0.5,,BIKINI,Miscellaneous Symbols and Pictographs,:bikini:,0.1,0.3,0.6,ğŸ‘™,0.5
ğŸ¡,0x1f3e1,36,0.744,0.154,0.256,0.59,0.436,,HOUSE WITH GARDEN,Miscellaneous Symbols and Pictographs,:house_with_garden:,0.154,0.256,0.59,ğŸ¡,0.436
ğŸŒ¾,0x1f33e,36,0.558,0.154,0.154,0.692,0.538,,EAR OF RICE,Miscellaneous Symbols and Pictographs,:sheaf_of_rice:,0.154,0.154,0.692,ğŸŒ¾,0.538
â—‰,0x25c9,36,0.047,0.026,0.692,0.282,0.256,,FISHEYE,Geometric Shapes,â—‰,0.026,0.692,0.282,â—‰,0.256
âœ,0x270f,35,0.625,0.105,0.447,0.447,0.342,,PENCIL,Dingbats,:pencil:,0.105,0.447,0.447,âœ,0.342
ğŸ¬,0x1f42c,35,0.747,0.079,0.421,0.5,0.421,,DOLPHIN,Miscellaneous Symbols and Pictographs,:dolphin:,0.079,0.421,0.5,ğŸ¬,0.421
ğŸ¤,0x1f364,35,0.513,0.184,0.579,0.237,0.053,,FRIED SHRIMP,Miscellaneous Symbols and Pictographs,:fried_shrimp:,0.184,0.579,0.237,ğŸ¤,0.053
ğŸ‡¹,0x1f1f9,35,0.584,0.026,0.368,0.605,0.579,,REGIONAL INDICATOR SYMBOL LETTER T,Enclosed Alphanumeric Supplement,ğŸ‡¹,0.026,0.368,0.605,ğŸ‡¹,0.579
â™£,0x2663,35,0.666,0.132,0.395,0.474,0.342,,BLACK CLUB SUIT,Miscellaneous Symbols,:club_suit:,0.132,0.395,0.474,â™£,0.342
ğŸ,0x1f41d,35,0.735,0.158,0.474,0.368,0.211,,HONEYBEE,Miscellaneous Symbols and Pictographs,:honeybee:,0.158,0.474,0.368,ğŸ,0.211
ğŸŒ,0x1f31d,34,0.718,0.162,0.486,0.351,0.189,,FULL MOON WITH FACE,Miscellaneous Symbols and Pictographs,:full_moon_face:,0.162,0.486,0.351,ğŸŒ,0.189
ğŸ‡®,0x1f1ee,34,0.576,0.027,0.351,0.622,0.595,,REGIONAL INDICATOR SYMBOL LETTER I,Enclosed Alphanumeric Supplement,ğŸ‡®,0.027,0.351,0.622,ğŸ‡®,0.595
ğŸ”‹,0x1f50b,34,0.583,0.622,0.243,0.135,-0.486,,BATTERY,Miscellaneous Symbols and Pictographs,:battery:,0.622,0.243,0.135,ğŸ”‹,-0.486
ğŸ,0x1f40d,34,0.623,0.108,0.432,0.459,0.351,,SNAKE,Miscellaneous Symbols and Pictographs,:snake:,0.108,0.432,0.459,ğŸ,0.351
â™”,0x2654,34,0.589,0.027,0.405,0.568,0.541,,WHITE CHESS KING,Miscellaneous Symbols,â™”,0.027,0.405,0.568,â™”,0.541
ğŸ³,0x1f373,33,0.798,0.389,0.194,0.417,0.028,,COOKING,Miscellaneous Symbols and Pictographs,:cooking:,0.389,0.194,0.417,ğŸ³,0.028
ğŸ”µ,0x1f535,33,0.681,0.139,0.417,0.444,0.306,,LARGE BLUE CIRCLE,Miscellaneous Symbols and Pictographs,:blue_circle:,0.139,0.417,0.444,ğŸ”µ,0.306
ğŸ˜¾,0x1f63e,33,0.915,0.583,0.167,0.25,-0.333,,POUTING CAT FACE,Emoticons,:pouting_cat:,0.583,0.167,0.25,ğŸ˜¾,-0.333
ğŸŒ•,0x1f315,33,0.642,0.111,0.222,0.667,0.556,,FULL MOON SYMBOL,Miscellaneous Symbols and Pictographs,:full_moon:,0.111,0.222,0.667,ğŸŒ•,0.556
ğŸ¨,0x1f428,33,0.696,0.139,0.278,0.583,0.444,,KOALA,Miscellaneous Symbols and Pictographs,:koala:,0.139,0.278,0.583,ğŸ¨,0.444
ğŸ”,0x1f510,33,0.845,0.194,0.278,0.528,0.333,,CLOSED LOCK WITH KEY,Miscellaneous Symbols and Pictographs,:locked_with_key:,0.194,0.278,0.528,ğŸ”,0.333
ğŸ’¿,0x1f4bf,33,0.444,0.028,0.333,0.639,0.611,,OPTICAL DISC,Miscellaneous Symbols and Pictographs,:optical_disk:,0.028,0.333,0.639,ğŸ’¿,0.611
â,0x2741,33,0.493,0.028,0.889,0.083,0.056,,EIGHT PETALLED OUTLINED BLACK FLORETTE,Dingbats,â,0.028,0.889,0.083,â,0.056
ğŸŒ³,0x1f333,32,0.536,0.086,0.343,0.571,0.486,,DECIDUOUS TREE,Miscellaneous Symbols and Pictographs,:deciduous_tree:,0.086,0.343,0.571,ğŸŒ³,0.486
ğŸ‘°,0x1f470,32,0.787,0.114,0.286,0.6,0.486,,BRIDE WITH VEIL,Miscellaneous Symbols and Pictographs,:person_with_veil:,0.114,0.286,0.6,ğŸ‘°,0.486
â€,0x2740,32,0.444,0.029,0.543,0.429,0.4,,WHITE FLORETTE,Dingbats,â€,0.029,0.543,0.429,â€,0.4
âš“,0x2693,32,0.593,0.086,0.257,0.657,0.571,,ANCHOR,Miscellaneous Symbols,:anchor:,0.086,0.257,0.657,âš“,0.571
ğŸš´,0x1f6b4,32,0.573,0.029,0.286,0.686,0.657,,BICYCLIST,Transport and Map Symbols,:person_biking:,0.029,0.286,0.686,ğŸš´,0.657
â–€,0x2580,32,0.25,0.314,0.514,0.171,-0.143,,UPPER HALF BLOCK,Block Elements,â–€,0.314,0.514,0.171,â–€,-0.143
ğŸ‘—,0x1f457,31,0.703,0.176,0.412,0.412,0.235,,DRESS,Miscellaneous Symbols and Pictographs,:dress:,0.176,0.412,0.412,ğŸ‘—,0.235
â•,0x2795,31,0.034,0.147,0.176,0.676,0.529,,HEAVY PLUS SIGN,Dingbats,:plus:,0.147,0.176,0.676,â•,0.529
ğŸ’¬,0x1f4ac,30,0.635,0.152,0.333,0.515,0.364,,SPEECH BALLOON,Miscellaneous Symbols and Pictographs,:speech_balloon:,0.152,0.333,0.515,ğŸ’¬,0.364
â–’,0x2592,30,0.501,0.091,0.848,0.061,-0.03,,MEDIUM SHADE,Block Elements,â–’,0.091,0.848,0.061,â–’,-0.03
ğŸ”œ,0x1f51c,30,0.606,0.182,0.364,0.455,0.273,,SOON WITH RIGHTWARDS ARROW ABOVE,Miscellaneous Symbols and Pictographs,:SOON_arrow:,0.182,0.364,0.455,ğŸ”œ,0.273
ğŸ¨,0x1f368,30,0.657,0.273,0.242,0.485,0.212,,ICE CREAM,Miscellaneous Symbols and Pictographs,:ice_cream:,0.273,0.242,0.485,ğŸ¨,0.212
ğŸ’²,0x1f4b2,30,0.794,0.03,0.697,0.273,0.242,,HEAVY DOLLAR SIGN,Miscellaneous Symbols and Pictographs,:heavy_dollar_sign:,0.03,0.697,0.273,ğŸ’²,0.242
â›½,0x26fd,30,0.287,0.061,0.727,0.212,0.152,,FUEL PUMP,Miscellaneous Symbols,:fuel_pump:,0.061,0.727,0.212,â›½,0.152
ğŸ™,0x1f359,29,0.566,0.188,0.344,0.469,0.281,,RICE BALL,Miscellaneous Symbols and Pictographs,:rice_ball:,0.188,0.344,0.469,ğŸ™,0.281
ğŸ—,0x1f357,29,0.675,0.313,0.313,0.375,0.063,,POULTRY LEG,Miscellaneous Symbols and Pictographs,:poultry_leg:,0.313,0.313,0.375,ğŸ—,0.063
ğŸ²,0x1f372,29,0.673,0.25,0.375,0.375,0.125,,POT OF FOOD,Miscellaneous Symbols and Pictographs,:pot_of_food:,0.25,0.375,0.375,ğŸ²,0.125
ğŸ¥,0x1f365,29,0.58,0.719,0.156,0.125,-0.594,,FISH CAKE WITH SWIRL DESIGN,Miscellaneous Symbols and Pictographs,:fish_cake_with_swirl:,0.719,0.156,0.125,ğŸ¥,-0.594
â–¸,0x25b8,29,0.517,0.031,0.719,0.25,0.219,,BLACK RIGHT-POINTING SMALL TRIANGLE,Geometric Shapes,â–¸,0.031,0.719,0.25,â–¸,0.219
â™›,0x265b,29,0.49,0.156,0.5,0.344,0.188,,BLACK CHESS QUEEN,Miscellaneous Symbols,â™›,0.156,0.5,0.344,â™›,0.188
ğŸ˜¼,0x1f63c,28,0.856,0.194,0.258,0.548,0.355,,CAT FACE WITH WRY SMILE,Emoticons,:cat_with_wry_smile:,0.194,0.258,0.548,ğŸ˜¼,0.355
ğŸ™,0x1f419,28,0.678,0.097,0.419,0.484,0.387,,OCTOPUS,Miscellaneous Symbols and Pictographs,:octopus:,0.097,0.419,0.484,ğŸ™,0.387
ğŸ‘¨,0x1f468,28,0.694,0.097,0.29,0.613,0.516,,MAN,Miscellaneous Symbols and Pictographs,:man:,0.097,0.29,0.613,ğŸ‘¨,0.516
ğŸš,0x1f35a,28,0.637,0.226,0.097,0.677,0.452,,COOKED RICE,Miscellaneous Symbols and Pictographs,:cooked_rice:,0.226,0.097,0.677,ğŸš,0.452
ğŸ–,0x1f356,28,0.679,0.258,0.355,0.387,0.129,,MEAT ON BONE,Miscellaneous Symbols and Pictographs,:meat_on_bone:,0.258,0.355,0.387,ğŸ–,0.129
â™¨,0x2668,28,0.665,0.032,0.065,0.903,0.871,,HOT SPRINGS,Miscellaneous Symbols,:hot_springs:,0.032,0.065,0.903,â™¨,0.871
ğŸ¹,0x1f3b9,28,0.466,0.032,0.581,0.387,0.355,,MUSICAL KEYBOARD,Miscellaneous Symbols and Pictographs,:musical_keyboard:,0.032,0.581,0.387,ğŸ¹,0.355
â™•,0x2655,28,0.621,0.032,0.548,0.419,0.387,,WHITE CHESS QUEEN,Miscellaneous Symbols,â™•,0.032,0.548,0.419,â™•,0.387
â–ƒ,0x2583,28,0.373,0.032,0.032,0.935,0.903,,LOWER THREE EIGHTHS BLOCK,Block Elements,â–ƒ,0.032,0.032,0.935,â–ƒ,0.903
ğŸš˜,0x1f698,27,0.65,0.3,0.333,0.367,0.067,,ONCOMING AUTOMOBILE,Transport and Map Symbols,:oncoming_automobile:,0.3,0.333,0.367,ğŸš˜,0.067
ğŸ,0x1f34f,27,0.852,0.267,0.4,0.333,0.067,,GREEN APPLE,Miscellaneous Symbols and Pictographs,:green_apple:,0.267,0.4,0.333,ğŸ,0.067
ğŸ‘©,0x1f469,27,0.732,0.333,0.267,0.4,0.067,,WOMAN,Miscellaneous Symbols and Pictographs,:woman:,0.333,0.267,0.4,ğŸ‘©,0.067
ğŸ‘¦,0x1f466,27,0.606,0.2,0.467,0.333,0.133,,BOY,Miscellaneous Symbols and Pictographs,:boy:,0.2,0.467,0.333,ğŸ‘¦,0.133
ğŸ‡¬,0x1f1ec,27,0.582,0.1,0.533,0.367,0.267,,REGIONAL INDICATOR SYMBOL LETTER G,Enclosed Alphanumeric Supplement,ğŸ‡¬,0.1,0.533,0.367,ğŸ‡¬,0.267
ğŸ‡§,0x1f1e7,27,0.595,0.1,0.533,0.367,0.267,,REGIONAL INDICATOR SYMBOL LETTER B,Enclosed Alphanumeric Supplement,ğŸ‡§,0.1,0.533,0.367,ğŸ‡§,0.267
â˜ ,0x2620,27,0.749,0.267,0.5,0.233,-0.033,,SKULL AND CROSSBONES,Miscellaneous Symbols,:skull_and_crossbones:,0.267,0.5,0.233,â˜ ,-0.033
ğŸ ,0x1f420,26,0.768,0.172,0.241,0.586,0.414,,TROPICAL FISH,Miscellaneous Symbols and Pictographs,:tropical_fish:,0.172,0.241,0.586,ğŸ ,0.414
ğŸš¹,0x1f6b9,26,0.812,0.069,0.172,0.759,0.69,,MENS SYMBOL,Transport and Map Symbols,:menâ€™s_room:,0.069,0.172,0.759,ğŸš¹,0.69
ğŸ’µ,0x1f4b5,26,0.807,0.138,0.345,0.517,0.379,,BANKNOTE WITH DOLLAR SIGN,Miscellaneous Symbols and Pictographs,:dollar_banknote:,0.138,0.345,0.517,ğŸ’µ,0.379
âœ°,0x2730,26,0.195,0.034,0.138,0.828,0.793,,SHADOWED WHITE STAR,Dingbats,âœ°,0.034,0.138,0.828,âœ°,0.793
â• ,0x2560,26,0.543,0.034,0.724,0.241,0.207,,BOX DRAWINGS DOUBLE VERTICAL AND RIGHT,Box Drawing,â• ,0.034,0.724,0.241,â• ,0.207
ğŸ‘›,0x1f45b,25,0.696,0.179,0.286,0.536,0.357,,PURSE,Miscellaneous Symbols and Pictographs,:purse:,0.179,0.286,0.536,ğŸ‘›,0.357
ğŸš™,0x1f699,25,0.653,0.214,0.536,0.25,0.036,,RECREATIONAL VEHICLE,Transport and Map Symbols,:sport_utility_vehicle:,0.214,0.536,0.25,ğŸš™,0.036
ğŸŒ±,0x1f331,25,0.561,0.036,0.357,0.607,0.571,,SEEDLING,Miscellaneous Symbols and Pictographs,:seedling:,0.036,0.357,0.607,ğŸŒ±,0.571
ğŸ’»,0x1f4bb,25,0.489,0.071,0.607,0.321,0.25,,PERSONAL COMPUTER,Miscellaneous Symbols and Pictographs,:laptop:,0.071,0.607,0.321,ğŸ’»,0.25
ğŸŒ,0x1f30f,25,0.681,0.143,0.393,0.464,0.321,,EARTH GLOBE ASIA-AUSTRALIA,Miscellaneous Symbols and Pictographs,:globe_showing_Asia-Australia:,0.143,0.393,0.464,ğŸŒ,0.321
â–„,0x2584,25,0.464,0.321,0.429,0.25,-0.071,,LOWER HALF BLOCK,Block Elements,â–„,0.321,0.429,0.25,â–„,-0.071
ğŸ‘“,0x1f453,24,0.514,0.037,0.63,0.333,0.296,,EYEGLASSES,Miscellaneous Symbols and Pictographs,:glasses:,0.037,0.63,0.333,ğŸ‘“,0.296
â—„,0x25c4,24,0.672,0.037,0.704,0.259,0.222,,BLACK LEFT-POINTING POINTER,Geometric Shapes,â—„,0.037,0.704,0.259,â—„,0.222
âš¾,0x26be,24,0.214,0.37,0.296,0.333,-0.037,,BASEBALL,Miscellaneous Symbols,:baseball:,0.37,0.296,0.333,âš¾,-0.037
ğŸŒ²,0x1f332,23,0.496,0.115,0.385,0.5,0.385,,EVERGREEN TREE,Miscellaneous Symbols and Pictographs,:evergreen_tree:,0.115,0.385,0.5,ğŸŒ²,0.385
ğŸ‘´,0x1f474,23,0.784,0.231,0.308,0.462,0.231,,OLDER MAN,Miscellaneous Symbols and Pictographs,:old_man:,0.231,0.308,0.462,ğŸ‘´,0.231
ğŸ ,0x1f3e0,23,0.642,0.077,0.346,0.577,0.5,,HOUSE BUILDING,Miscellaneous Symbols and Pictographs,:house:,0.077,0.346,0.577,ğŸ ,0.5
ğŸ‡,0x1f347,23,0.584,0.231,0.269,0.5,0.269,,GRAPES,Miscellaneous Symbols and Pictographs,:grapes:,0.231,0.269,0.5,ğŸ‡,0.269
ğŸ˜,0x1f358,23,0.621,0.231,0.154,0.615,0.385,,RICE CRACKER,Miscellaneous Symbols and Pictographs,:rice_cracker:,0.231,0.154,0.615,ğŸ˜,0.385
ğŸ›,0x1f35b,23,0.585,0.346,0.269,0.385,0.038,,CURRY AND RICE,Miscellaneous Symbols and Pictographs,:curry_rice:,0.346,0.269,0.385,ğŸ›,0.038
ğŸ‡,0x1f407,23,0.967,0.192,0.385,0.423,0.231,,RABBIT,Miscellaneous Symbols and Pictographs,:rabbit:,0.192,0.385,0.423,ğŸ‡,0.231
ğŸ”,0x1f51e,23,0.814,0.269,0.5,0.231,-0.038,,NO ONE UNDER EIGHTEEN SYMBOL,Miscellaneous Symbols and Pictographs,:no_one_under_eighteen:,0.269,0.5,0.231,ğŸ”,-0.038
ğŸ‘µ,0x1f475,23,0.818,0.231,0.115,0.654,0.423,,OLDER WOMAN,Miscellaneous Symbols and Pictographs,:old_woman:,0.231,0.115,0.654,ğŸ‘µ,0.423
â—€,0x25c0,23,0.221,0.038,0.654,0.308,0.269,,BLACK LEFT-POINTING TRIANGLE,Geometric Shapes,:reverse_button:,0.038,0.654,0.308,â—€,0.269
ğŸ”™,0x1f519,23,0.144,0.115,0.577,0.308,0.192,,BACK WITH LEFTWARDS ARROW ABOVE,Miscellaneous Symbols and Pictographs,:BACK_arrow:,0.115,0.577,0.308,ğŸ”™,0.192
ğŸŒµ,0x1f335,23,0.67,0.269,0.269,0.462,0.192,,CACTUS,Miscellaneous Symbols and Pictographs,:cactus:,0.269,0.269,0.462,ğŸŒµ,0.192
ğŸ½,0x1f43d,22,0.648,0.24,0.4,0.36,0.12,,PIG NOSE,Miscellaneous Symbols and Pictographs,:pig_nose:,0.24,0.4,0.36,ğŸ½,0.12
ğŸ®,0x1f36e,22,0.701,0.44,0.24,0.32,-0.12,,CUSTARD,Miscellaneous Symbols and Pictographs,:custard:,0.44,0.24,0.32,ğŸ®,-0.12
ğŸ‡,0x1f387,22,0.821,0.08,0.16,0.76,0.68,,FIREWORK SPARKLER,Miscellaneous Symbols and Pictographs,:sparkler:,0.08,0.16,0.76,ğŸ‡,0.68
ğŸ,0x1f40e,22,0.698,0.12,0.36,0.52,0.4,,HORSE,Miscellaneous Symbols and Pictographs,:horse:,0.12,0.36,0.52,ğŸ,0.4
â”,0x2794,22,0.541,0.16,0.8,0.04,-0.12,,HEAVY WIDE-HEADED RIGHTWARDS ARROW,Dingbats,â”,0.16,0.8,0.04,â”,-0.12
ğŸ’¶,0x1f4b6,22,0.748,0.16,0.68,0.16,0.0,,BANKNOTE WITH EURO SIGN,Miscellaneous Symbols and Pictographs,:euro_banknote:,0.16,0.68,0.16,ğŸ’¶,0.0
ğŸ¤,0x1f424,22,0.838,0.08,0.32,0.6,0.52,,BABY CHICK,Miscellaneous Symbols and Pictographs,:baby_chick:,0.08,0.32,0.6,ğŸ¤,0.52
â•©,0x2569,22,0.811,0.04,0.72,0.24,0.2,,BOX DRAWINGS DOUBLE UP AND HORIZONTAL,Box Drawing,â•©,0.04,0.72,0.24,â•©,0.2
ğŸ›€,0x1f6c0,21,0.904,0.292,0.292,0.417,0.125,,BATH,Transport and Map Symbols,:person_taking_bath:,0.292,0.292,0.417,ğŸ›€,0.125
ğŸŒ‘,0x1f311,21,0.604,0.125,0.292,0.583,0.458,,NEW MOON SYMBOL,Miscellaneous Symbols and Pictographs,:new_moon:,0.125,0.292,0.583,ğŸŒ‘,0.458
ğŸš²,0x1f6b2,21,0.583,0.083,0.458,0.458,0.375,,BICYCLE,Transport and Map Symbols,:bicycle:,0.083,0.458,0.458,ğŸš²,0.375
ğŸ‘,0x1f411,21,0.922,0.292,0.583,0.125,-0.167,,SHEEP,Miscellaneous Symbols and Pictographs,:ewe:,0.292,0.583,0.125,ğŸ‘,-0.167
ğŸ,0x1f3c1,21,0.618,0.042,0.417,0.542,0.5,,CHEQUERED FLAG,Miscellaneous Symbols and Pictographs,:chequered_flag:,0.042,0.417,0.542,ğŸ,0.5
ğŸ,0x1f35e,21,0.711,0.292,0.375,0.333,0.042,,BREAD,Miscellaneous Symbols and Pictographs,:bread:,0.292,0.375,0.333,ğŸ,0.042
ğŸ¾,0x1f3be,21,0.82,0.125,0.208,0.667,0.542,,TENNIS RACQUET AND BALL,Miscellaneous Symbols and Pictographs,:tennis:,0.125,0.208,0.667,ğŸ¾,0.542
â•š,0x255a,21,0.714,0.042,0.625,0.333,0.292,,BOX DRAWINGS DOUBLE UP AND RIGHT,Box Drawing,â•š,0.042,0.625,0.333,â•š,0.292
ğŸˆ¹,0x1f239,21,0.35,0.083,0.542,0.375,0.292,,SQUARED CJK UNIFIED IDEOGRAPH-5272,Enclosed Ideographic Supplement,:Japanese_discount_button:,0.083,0.542,0.375,ğŸˆ¹,0.292
ğŸ³,0x1f433,20,0.656,0.217,0.435,0.348,0.13,,SPOUTING WHALE,Miscellaneous Symbols and Pictographs,:spouting_whale:,0.217,0.435,0.348,ğŸ³,0.13
ğŸ‘®,0x1f46e,20,0.742,0.478,0.391,0.13,-0.348,,POLICE OFFICER,Miscellaneous Symbols and Pictographs,:police_officer:,0.478,0.391,0.13,ğŸ‘®,-0.348
â˜¹,0x2639,20,0.777,0.652,0.217,0.13,-0.522,,WHITE FROWNING FACE,Miscellaneous Symbols,:frowning_face:,0.652,0.217,0.13,â˜¹,-0.522
ğŸµ,0x1f435,20,0.631,0.087,0.348,0.565,0.478,,MONKEY FACE,Miscellaneous Symbols and Pictographs,:monkey_face:,0.087,0.348,0.565,ğŸµ,0.478
âœª,0x272a,20,0.288,0.043,0.609,0.348,0.304,,CIRCLED WHITE STAR,Dingbats,âœª,0.043,0.609,0.348,âœª,0.304
â—•,0x25d5,20,0.594,0.043,0.478,0.478,0.435,,CIRCLE WITH ALL BUT UPPER LEFT QUADRANT BLACK,Geometric Shapes,â—•,0.043,0.478,0.478,â—•,0.435
ğŸ—¼,0x1f5fc,20,0.654,0.087,0.304,0.609,0.522,,TOKYO TOWER,Miscellaneous Symbols and Pictographs,:Tokyo_tower:,0.087,0.304,0.609,ğŸ—¼,0.522
â–,0x2590,20,0.304,0.217,0.696,0.087,-0.13,,RIGHT HALF BLOCK,Block Elements,â–,0.217,0.696,0.087,â–,-0.13
â™ ,0x2660,20,0.533,0.043,0.609,0.348,0.304,,BLACK SPADE SUIT,Miscellaneous Symbols,:spade_suit:,0.043,0.609,0.348,â™ ,0.304
â”³,0x2533,20,0.399,0.478,0.391,0.13,-0.348,,BOX DRAWINGS HEAVY DOWN AND HORIZONTAL,Box Drawing,â”³,0.478,0.391,0.13,â”³,-0.348
ğŸ‘º,0x1f47a,19,0.825,0.409,0.364,0.227,-0.182,,JAPANESE GOBLIN,Miscellaneous Symbols and Pictographs,:goblin:,0.409,0.364,0.227,ğŸ‘º,-0.182
ğŸš,0x1f41a,19,0.526,0.091,0.591,0.318,0.227,,SPIRAL SHELL,Miscellaneous Symbols and Pictographs,:spiral_shell:,0.091,0.591,0.318,ğŸš,0.227
ğŸ‘‚,0x1f442,19,0.682,0.364,0.409,0.227,-0.136,,EAR,Miscellaneous Symbols and Pictographs,:ear:,0.364,0.409,0.227,ğŸ‘‚,-0.136
ğŸ—½,0x1f5fd,19,0.651,0.091,0.5,0.409,0.318,,STATUE OF LIBERTY,Miscellaneous Symbols and Pictographs,:Statue_of_Liberty:,0.091,0.5,0.409,ğŸ—½,0.318
ğŸµ,0x1f375,19,0.65,0.182,0.273,0.545,0.364,,TEACUP WITHOUT HANDLE,Miscellaneous Symbols and Pictographs,:teacup_without_handle:,0.182,0.273,0.545,ğŸµ,0.364
ğŸ†’,0x1f192,19,0.628,0.045,0.545,0.409,0.364,,SQUARED COOL,Enclosed Alphanumeric Supplement,:COOL_button:,0.045,0.545,0.409,ğŸ†’,0.364
ğŸ¯,0x1f36f,19,0.78,0.364,0.227,0.409,0.045,,HONEY POT,Miscellaneous Symbols and Pictographs,:honey_pot:,0.364,0.227,0.409,ğŸ¯,0.045
ğŸº,0x1f43a,19,0.735,0.136,0.5,0.364,0.227,,WOLF FACE,Miscellaneous Symbols and Pictographs,:wolf:,0.136,0.5,0.364,ğŸº,0.227
â‡¨,0x21e8,19,0.541,0.045,0.455,0.5,0.455,,RIGHTWARDS WHITE ARROW,Arrows,â‡¨,0.045,0.455,0.5,â‡¨,0.455
â¨,0x27a8,19,0.558,0.136,0.591,0.273,0.136,,HEAVY CONCAVE-POINTED BLACK RIGHTWARDS ARROW,Dingbats,â¨,0.136,0.591,0.273,â¨,0.136
ğŸŒ“,0x1f313,19,0.458,0.045,0.318,0.636,0.591,,FIRST QUARTER MOON SYMBOL,Miscellaneous Symbols and Pictographs,:first_quarter_moon:,0.045,0.318,0.636,ğŸŒ“,0.591
ğŸ”’,0x1f512,19,0.939,0.273,0.273,0.455,0.182,,LOCK,Miscellaneous Symbols and Pictographs,:locked:,0.273,0.273,0.455,ğŸ”’,0.182
â•¬,0x256c,19,0.322,0.318,0.5,0.182,-0.136,,BOX DRAWINGS DOUBLE VERTICAL AND HORIZONTAL,Box Drawing,â•¬,0.318,0.5,0.182,â•¬,-0.136
ğŸ‘³,0x1f473,18,0.816,0.143,0.095,0.762,0.619,,MAN WITH TURBAN,Miscellaneous Symbols and Pictographs,:person_wearing_turban:,0.143,0.095,0.762,ğŸ‘³,0.619
ğŸŒ‚,0x1f302,18,0.785,0.143,0.476,0.381,0.238,,CLOSED UMBRELLA,Miscellaneous Symbols and Pictographs,:closed_umbrella:,0.143,0.476,0.381,ğŸŒ‚,0.238
ğŸšŒ,0x1f68c,18,0.636,0.143,0.524,0.333,0.19,,BUS,Transport and Map Symbols,:bus:,0.143,0.524,0.333,ğŸšŒ,0.19
â™©,0x2669,18,0.792,0.048,0.381,0.571,0.524,,QUARTER NOTE,Miscellaneous Symbols,â™©,0.048,0.381,0.571,â™©,0.524
ğŸ¡,0x1f361,18,0.7,0.286,0.476,0.238,-0.048,,DANGO,Miscellaneous Symbols and Pictographs,:dango:,0.286,0.476,0.238,ğŸ¡,-0.048
â¥,0x2765,18,0.44,0.048,0.667,0.286,0.238,,ROTATED HEAVY BLACK HEART BULLET,Dingbats,â¥,0.048,0.667,0.286,â¥,0.238
ğŸ¡,0x1f3a1,18,0.506,0.095,0.524,0.381,0.286,,FERRIS WHEEL,Miscellaneous Symbols and Pictographs,:ferris_wheel:,0.095,0.524,0.381,ğŸ¡,0.286
ğŸ’Œ,0x1f48c,17,0.805,0.15,0.2,0.65,0.5,,LOVE LETTER,Miscellaneous Symbols and Pictographs,:love_letter:,0.15,0.2,0.65,ğŸ’Œ,0.5
ğŸ©,0x1f429,17,0.87,0.05,0.55,0.4,0.35,,POODLE,Miscellaneous Symbols and Pictographs,:poodle:,0.05,0.55,0.4,ğŸ©,0.35
ğŸŒœ,0x1f31c,17,0.604,0.05,0.4,0.55,0.5,,LAST QUARTER MOON WITH FACE,Miscellaneous Symbols and Pictographs,:last_quarter_moon_face:,0.05,0.4,0.55,ğŸŒœ,0.5
âŒš,0x231a,17,0.649,0.15,0.5,0.35,0.2,,WATCH,Miscellaneous Technical,:watch:,0.15,0.5,0.35,âŒš,0.2
ğŸš¿,0x1f6bf,17,0.669,0.1,0.2,0.7,0.6,,SHOWER,Transport and Map Symbols,:shower:,0.1,0.2,0.7,ğŸš¿,0.6
ğŸ–,0x1f416,17,0.814,0.05,0.75,0.2,0.15,,PIG,Miscellaneous Symbols and Pictographs,:pig:,0.05,0.75,0.2,ğŸ–,0.15
ğŸ”†,0x1f506,17,0.605,0.05,0.35,0.6,0.55,,HIGH BRIGHTNESS SYMBOL,Miscellaneous Symbols and Pictographs,:bright_button:,0.05,0.35,0.6,ğŸ”†,0.55
ğŸŒ›,0x1f31b,17,0.68,0.05,0.35,0.6,0.55,,FIRST QUARTER MOON WITH FACE,Miscellaneous Symbols and Pictographs,:first_quarter_moon_face:,0.05,0.35,0.6,ğŸŒ›,0.55
ğŸ’‚,0x1f482,17,0.691,0.45,0.25,0.3,-0.15,,GUARDSMAN,Miscellaneous Symbols and Pictographs,:guard:,0.45,0.25,0.3,ğŸ’‚,-0.15
ğŸ”,0x1f414,17,0.627,0.1,0.5,0.4,0.3,,CHICKEN,Miscellaneous Symbols and Pictographs,:chicken:,0.1,0.5,0.4,ğŸ”,0.3
ğŸ™,0x1f64e,17,0.641,0.45,0.15,0.4,-0.05,,PERSON WITH POUTING FACE,Emoticons,:person_pouting:,0.45,0.15,0.4,ğŸ™,-0.05
ğŸ©,0x1f3e9,16,0.587,0.158,0.263,0.579,0.421,,LOVE HOTEL,Miscellaneous Symbols and Pictographs,:love_hotel:,0.158,0.263,0.579,ğŸ©,0.421
ğŸ‡«,0x1f1eb,16,0.718,0.053,0.421,0.526,0.474,,REGIONAL INDICATOR SYMBOL LETTER F,Enclosed Alphanumeric Supplement,ğŸ‡«,0.053,0.421,0.526,ğŸ‡«,0.474
ğŸ”¨,0x1f528,16,0.739,0.368,0.368,0.263,-0.105,,HAMMER,Miscellaneous Symbols and Pictographs,:hammer:,0.368,0.368,0.263,ğŸ”¨,-0.105
ğŸ“¢,0x1f4e2,16,0.546,0.053,0.474,0.474,0.421,,PUBLIC ADDRESS LOUDSPEAKER,Miscellaneous Symbols and Pictographs,:loudspeaker:,0.053,0.474,0.474,ğŸ“¢,0.421
ğŸ¦,0x1f426,16,0.758,0.053,0.474,0.474,0.421,,BIRD,Miscellaneous Symbols and Pictographs,:bird:,0.053,0.474,0.474,ğŸ¦,0.421
ğŸ²,0x1f432,16,0.458,0.158,0.737,0.105,-0.053,,DRAGON FACE,Miscellaneous Symbols and Pictographs,:dragon_face:,0.158,0.737,0.105,ğŸ²,-0.053
â™»,0x267b,16,0.439,0.053,0.421,0.526,0.474,,BLACK UNIVERSAL RECYCLING SYMBOL,Miscellaneous Symbols,:recycling_symbol:,0.053,0.421,0.526,â™»,0.474
ğŸŒ˜,0x1f318,16,0.578,0.053,0.316,0.632,0.579,,WANING CRESCENT MOON SYMBOL,Miscellaneous Symbols and Pictographs,:waning_crescent_moon:,0.053,0.316,0.632,ğŸŒ˜,0.579
ğŸ,0x1f350,16,0.845,0.316,0.211,0.474,0.158,,PEAR,Miscellaneous Symbols and Pictographs,:pear:,0.316,0.211,0.474,ğŸ,0.158
ğŸŒ”,0x1f314,16,0.447,0.053,0.316,0.632,0.579,,WAXING GIBBOUS MOON SYMBOL,Miscellaneous Symbols and Pictographs,:waxing_gibbous_moon:,0.053,0.316,0.632,ğŸŒ”,0.579
â•¥,0x2565,16,0.869,0.368,0.158,0.474,0.105,,BOX DRAWINGS DOWN DOUBLE AND HORIZONTAL SINGLE,Box Drawing,â•¥,0.368,0.158,0.474,â•¥,0.105
âŠ,0x274a,16,0.452,0.053,0.895,0.053,0.0,,EIGHT TEARDROP-SPOKED PROPELLER ASTERISK,Dingbats,âŠ,0.053,0.895,0.053,âŠ,0.0
ğŸ‘–,0x1f456,15,0.91,0.111,0.444,0.444,0.333,,JEANS,Miscellaneous Symbols and Pictographs,:jeans:,0.111,0.444,0.444,ğŸ‘–,0.333
ğŸšº,0x1f6ba,15,0.677,0.167,0.5,0.333,0.167,,WOMENS SYMBOL,Transport and Map Symbols,:womenâ€™s_room:,0.167,0.5,0.333,ğŸšº,0.167
ğŸ˜—,0x1f617,15,0.714,0.111,0.167,0.722,0.611,,KISSING FACE,Emoticons,:kissing_face:,0.111,0.167,0.722,ğŸ˜—,0.611
ğŸ­,0x1f3ad,15,0.658,0.333,0.333,0.333,0.0,,PERFORMING ARTS,Miscellaneous Symbols and Pictographs,:performing_arts:,0.333,0.333,0.333,ğŸ­,0.0
ğŸ„,0x1f404,15,0.826,0.167,0.389,0.444,0.278,,COW,Miscellaneous Symbols and Pictographs,:cow:,0.167,0.389,0.444,ğŸ„,0.278
â—Ÿ,0x25df,15,0.647,0.167,0.722,0.111,-0.056,,LOWER LEFT QUADRANT CIRCULAR ARC,Geometric Shapes,â—Ÿ,0.167,0.722,0.111,â—Ÿ,-0.056
ğŸ¢,0x1f362,15,0.684,0.333,0.444,0.222,-0.111,,ODEN,Miscellaneous Symbols and Pictographs,:oden:,0.333,0.444,0.222,ğŸ¢,-0.111
ğŸ¨,0x1f3a8,15,0.491,0.111,0.611,0.278,0.167,,ARTIST PALETTE,Miscellaneous Symbols and Pictographs,:artist_palette:,0.111,0.611,0.278,ğŸ¨,0.167
â¬‡,0x2b07,15,0.632,0.167,0.278,0.556,0.389,,DOWNWARDS BLACK ARROW,Miscellaneous Symbols and Arrows,:down_arrow:,0.167,0.278,0.556,â¬‡,0.389
ğŸš¼,0x1f6bc,15,0.693,0.056,0.333,0.611,0.556,,BABY SYMBOL,Transport and Map Symbols,:baby_symbol:,0.056,0.333,0.611,ğŸš¼,0.556
â›²,0x26f2,15,0.697,0.111,0.722,0.167,0.056,,FOUNTAIN,Miscellaneous Symbols,:fountain:,0.111,0.722,0.167,â›²,0.056
â–,0x2581,15,0.711,0.056,0.889,0.056,0.0,,LOWER ONE EIGHTH BLOCK,Block Elements,â–,0.056,0.889,0.056,â–,0.0
ğŸ‡´,0x1f1f4,15,0.676,0.056,0.556,0.389,0.333,,REGIONAL INDICATOR SYMBOL LETTER O,Enclosed Alphanumeric Supplement,ğŸ‡´,0.056,0.556,0.389,ğŸ‡´,0.333
ğŸŒ—,0x1f317,15,0.547,0.056,0.278,0.667,0.611,,LAST QUARTER MOON SYMBOL,Miscellaneous Symbols and Pictographs,:last_quarter_moon:,0.056,0.278,0.667,ğŸŒ—,0.611
ğŸŒ–,0x1f316,15,0.535,0.056,0.278,0.667,0.611,,WANING GIBBOUS MOON SYMBOL,Miscellaneous Symbols and Pictographs,:waning_gibbous_moon:,0.056,0.278,0.667,ğŸŒ–,0.611
ğŸ”…,0x1f505,15,0.635,0.056,0.056,0.889,0.833,,LOW BRIGHTNESS SYMBOL,Miscellaneous Symbols and Pictographs,:dim_button:,0.056,0.056,0.889,ğŸ”…,0.833
ğŸ‘œ,0x1f45c,14,0.675,0.176,0.412,0.412,0.235,,HANDBAG,Miscellaneous Symbols and Pictographs,:handbag:,0.176,0.412,0.412,ğŸ‘œ,0.235
ğŸŒ,0x1f40c,14,0.421,0.059,0.235,0.706,0.647,,SNAIL,Miscellaneous Symbols and Pictographs,:snail:,0.059,0.235,0.706,ğŸŒ,0.647
ğŸ’¼,0x1f4bc,14,0.573,0.118,0.235,0.647,0.529,,BRIEFCASE,Miscellaneous Symbols and Pictographs,:briefcase:,0.118,0.235,0.647,ğŸ’¼,0.529
ğŸš•,0x1f695,14,0.526,0.235,0.529,0.235,0.0,,TAXI,Transport and Map Symbols,:taxi:,0.235,0.529,0.235,ğŸš•,0.0
ğŸ¹,0x1f439,14,0.744,0.235,0.235,0.529,0.294,,HAMSTER FACE,Miscellaneous Symbols and Pictographs,:hamster:,0.235,0.235,0.529,ğŸ¹,0.294
ğŸŒ ,0x1f320,14,0.761,0.176,0.118,0.706,0.529,,SHOOTING STAR,Miscellaneous Symbols and Pictographs,:shooting_star:,0.176,0.118,0.706,ğŸŒ ,0.529
ğŸˆ,0x1f408,14,0.645,0.059,0.588,0.353,0.294,,CAT,Miscellaneous Symbols and Pictographs,:cat:,0.059,0.588,0.353,ğŸˆ,0.294
â‡§,0x21e7,14,0.461,0.059,0.765,0.176,0.118,,UPWARDS WHITE ARROW,Arrows,â‡§,0.059,0.765,0.176,â‡§,0.118
â˜,0x260e,14,0.837,0.176,0.647,0.176,0.0,,BLACK TELEPHONE,Miscellaneous Symbols,:telephone:,0.176,0.647,0.176,â˜,0.0
ğŸŒ,0x1f301,14,0.744,0.118,0.588,0.294,0.176,,FOGGY,Miscellaneous Symbols and Pictographs,:foggy:,0.118,0.588,0.294,ğŸŒ,0.176
âš«,0x26ab,14,0.441,0.235,0.294,0.471,0.235,,MEDIUM BLACK CIRCLE,Miscellaneous Symbols,:black_circle:,0.235,0.294,0.471,âš«,0.235
â™§,0x2667,14,0.775,0.059,0.412,0.529,0.471,,WHITE CLUB SUIT,Miscellaneous Symbols,â™§,0.059,0.412,0.529,â™§,0.471
ğŸ°,0x1f3f0,14,0.434,0.118,0.471,0.412,0.294,,EUROPEAN CASTLE,Miscellaneous Symbols and Pictographs,:castle:,0.118,0.471,0.412,ğŸ°,0.294
ğŸšµ,0x1f6b5,14,0.556,0.059,0.529,0.412,0.353,,MOUNTAIN BICYCLIST,Transport and Map Symbols,:person_mountain_biking:,0.059,0.529,0.412,ğŸšµ,0.353
ğŸ¢,0x1f3a2,14,0.826,0.118,0.294,0.588,0.471,,ROLLER COASTER,Miscellaneous Symbols and Pictographs,:roller_coaster:,0.118,0.294,0.588,ğŸ¢,0.471
ğŸ·,0x1f3b7,14,0.76,0.059,0.235,0.706,0.647,,SAXOPHONE,Miscellaneous Symbols and Pictographs,:saxophone:,0.059,0.235,0.706,ğŸ·,0.647
ğŸ,0x1f390,14,0.291,0.059,0.706,0.235,0.176,,WIND CHIME,Miscellaneous Symbols and Pictographs,:wind_chime:,0.059,0.706,0.235,ğŸ,0.176
â”ˆ,0x2508,14,0.793,0.765,0.059,0.176,-0.588,,BOX DRAWINGS LIGHT QUADRUPLE DASH HORIZONTAL,Box Drawing,â”ˆ,0.765,0.059,0.176,â”ˆ,-0.588
â•—,0x2557,14,0.361,0.059,0.529,0.412,0.353,,BOX DRAWINGS DOUBLE DOWN AND LEFT,Box Drawing,â•—,0.059,0.529,0.412,â•—,0.353
â•±,0x2571,14,0.548,0.059,0.882,0.059,0.0,,BOX DRAWINGS LIGHT DIAGONAL UPPER RIGHT TO LOWER LEFT,Box Drawing,â•±,0.059,0.882,0.059,â•±,0.0
ğŸŒ‡,0x1f307,13,0.543,0.063,0.375,0.563,0.5,,SUNSET OVER BUILDINGS,Miscellaneous Symbols and Pictographs,:sunset:,0.063,0.375,0.563,ğŸŒ‡,0.5
â°,0x23f0,13,0.646,0.188,0.188,0.625,0.438,,ALARM CLOCK,Miscellaneous Technical,:alarm_clock:,0.188,0.188,0.625,â°,0.438
â‡©,0x21e9,13,0.504,0.063,0.875,0.063,0.0,,DOWNWARDS WHITE ARROW,Arrows,â‡©,0.063,0.875,0.063,â‡©,0.0
ğŸš‚,0x1f682,13,0.656,0.063,0.625,0.313,0.25,,STEAM LOCOMOTIVE,Transport and Map Symbols,:locomotive:,0.063,0.625,0.313,ğŸš‚,0.25
â— ,0x25e0,13,0.653,0.063,0.438,0.5,0.438,,UPPER HALF CIRCLE,Geometric Shapes,â— ,0.063,0.438,0.5,â— ,0.438
ğŸ¿,0x1f3bf,13,0.727,0.125,0.375,0.5,0.375,,SKI AND SKI BOOT,Miscellaneous Symbols and Pictographs,:skis:,0.125,0.375,0.5,ğŸ¿,0.375
âœ¦,0x2726,13,0.402,0.063,0.813,0.125,0.063,,BLACK FOUR POINTED STAR,Dingbats,âœ¦,0.063,0.813,0.125,âœ¦,0.063
ğŸ†”,0x1f194,13,0.479,0.063,0.125,0.813,0.75,,SQUARED ID,Enclosed Alphanumeric Supplement,:ID_button:,0.063,0.125,0.813,ğŸ†”,0.75
â›ª,0x26ea,13,0.387,0.188,0.5,0.313,0.125,,CHURCH,Miscellaneous Symbols,:church:,0.188,0.5,0.313,â›ª,0.125
ğŸŒ’,0x1f312,13,0.446,0.063,0.313,0.625,0.563,,WAXING CRESCENT MOON SYMBOL,Miscellaneous Symbols and Pictographs,:waxing_crescent_moon:,0.063,0.313,0.625,ğŸŒ’,0.563
ğŸª,0x1f42a,13,0.837,0.063,0.313,0.625,0.563,,DROMEDARY CAMEL,Miscellaneous Symbols and Pictographs,:camel:,0.063,0.313,0.625,ğŸª,0.563
â•”,0x2554,13,0.31,0.063,0.625,0.313,0.25,,BOX DRAWINGS DOUBLE DOWN AND RIGHT,Box Drawing,â•”,0.063,0.625,0.313,â•”,0.25
â•,0x255d,13,0.8,0.063,0.438,0.5,0.438,,BOX DRAWINGS DOUBLE UP AND LEFT,Box Drawing,â•,0.063,0.438,0.5,â•,0.438
ğŸ‘”,0x1f454,12,0.52,0.2,0.267,0.533,0.333,,NECKTIE,Miscellaneous Symbols and Pictographs,:necktie:,0.2,0.267,0.533,ğŸ‘”,0.333
ğŸ”±,0x1f531,12,0.791,0.267,0.4,0.333,0.067,,TRIDENT EMBLEM,Miscellaneous Symbols and Pictographs,:trident_emblem:,0.267,0.4,0.333,ğŸ”±,0.067
ğŸ†“,0x1f193,12,0.551,0.067,0.667,0.267,0.2,,SQUARED FREE,Enclosed Alphanumeric Supplement,:FREE_button:,0.067,0.667,0.267,ğŸ†“,0.2
ğŸ‹,0x1f40b,12,0.866,0.2,0.4,0.4,0.2,,WHALE,Miscellaneous Symbols and Pictographs,:whale:,0.2,0.4,0.4,ğŸ‹,0.2
â–½,0x25bd,12,0.844,0.133,0.333,0.533,0.4,,WHITE DOWN-POINTING TRIANGLE,Geometric Shapes,â–½,0.133,0.333,0.533,â–½,0.4
â–‚,0x2582,12,0.579,0.067,0.867,0.067,0.0,,LOWER ONE QUARTER BLOCK,Block Elements,â–‚,0.067,0.867,0.067,â–‚,0.0
ğŸ›,0x1f41b,12,0.673,0.2,0.333,0.467,0.267,,BUG,Miscellaneous Symbols and Pictographs,:bug:,0.2,0.333,0.467,ğŸ›,0.267
ğŸ‘•,0x1f455,12,0.795,0.133,0.333,0.533,0.4,,T-SHIRT,Miscellaneous Symbols and Pictographs,:t-shirt:,0.133,0.333,0.533,ğŸ‘•,0.4
ğŸš‹,0x1f68b,12,0.318,0.067,0.8,0.133,0.067,,TRAM CAR,Transport and Map Symbols,:tram_car:,0.067,0.8,0.133,ğŸš‹,0.067
ğŸ’³,0x1f4b3,12,0.834,0.133,0.333,0.533,0.4,,CREDIT CARD,Miscellaneous Symbols and Pictographs,:credit_card:,0.133,0.333,0.533,ğŸ’³,0.4
ğŸŒ†,0x1f306,12,0.765,0.2,0.467,0.333,0.133,,CITYSCAPE AT DUSK,Miscellaneous Symbols and Pictographs,:cityscape_at_dusk:,0.2,0.467,0.333,ğŸŒ†,0.133
ğŸ§,0x1f3e7,12,0.888,0.067,0.067,0.867,0.8,,AUTOMATED TELLER MACHINE,Miscellaneous Symbols and Pictographs,:ATM_sign:,0.067,0.067,0.867,ğŸ§,0.8
ğŸ’¡,0x1f4a1,12,0.598,0.067,0.267,0.667,0.6,,ELECTRIC LIGHT BULB,Miscellaneous Symbols and Pictographs,:light_bulb:,0.067,0.267,0.667,ğŸ’¡,0.6
ğŸ”¹,0x1f539,12,0.17,0.2,0.467,0.333,0.133,,SMALL BLUE DIAMOND,Miscellaneous Symbols and Pictographs,:small_blue_diamond:,0.2,0.467,0.333,ğŸ”¹,0.133
â¬…,0x2b05,12,0.663,0.067,0.4,0.533,0.467,,LEFTWARDS BLACK ARROW,Miscellaneous Symbols and Arrows,:left_arrow:,0.067,0.4,0.533,â¬…,0.467
ğŸ ,0x1f360,12,0.939,0.4,0.2,0.4,0.0,,ROASTED SWEET POTATO,Miscellaneous Symbols and Pictographs,:roasted_sweet_potato:,0.4,0.2,0.4,ğŸ ,0.0
ğŸ«,0x1f42b,12,0.77,0.067,0.533,0.4,0.333,,BACTRIAN CAMEL,Miscellaneous Symbols and Pictographs,:two-hump_camel:,0.067,0.533,0.4,ğŸ«,0.333
ğŸª,0x1f3ea,12,0.374,0.2,0.533,0.267,0.067,,CONVENIENCE STORE,Miscellaneous Symbols and Pictographs,:convenience_store:,0.2,0.533,0.267,ğŸª,0.067
Û©,0x6e9,12,0.464,0.067,0.867,0.067,0.0,,ARABIC PLACE OF SAJDAH,Arabic,Û©,0.067,0.867,0.067,Û©,0.0
ğŸ‡±,0x1f1f1,12,0.713,0.067,0.467,0.467,0.4,,REGIONAL INDICATOR SYMBOL LETTER L,Enclosed Alphanumeric Supplement,ğŸ‡±,0.067,0.467,0.467,ğŸ‡±,0.4
ğŸ“¹,0x1f4f9,11,0.718,0.143,0.286,0.571,0.429,,VIDEO CAMERA,Miscellaneous Symbols and Pictographs,:video_camera:,0.143,0.286,0.571,ğŸ“¹,0.429
ğŸ‘,0x1f45e,11,0.779,0.143,0.286,0.571,0.429,,MANS SHOE,Miscellaneous Symbols and Pictographs,:manâ€™s_shoe:,0.143,0.286,0.571,ğŸ‘,0.429
ğŸš‘,0x1f691,11,0.758,0.286,0.357,0.357,0.071,,AMBULANCE,Transport and Map Symbols,:ambulance:,0.286,0.357,0.357,ğŸš‘,0.071
ğŸ†˜,0x1f198,11,0.775,0.357,0.214,0.429,0.071,,SQUARED SOS,Enclosed Alphanumeric Supplement,:SOS_button:,0.357,0.214,0.429,ğŸ†˜,0.071
ğŸ‘š,0x1f45a,11,0.81,0.071,0.286,0.643,0.571,,WOMANS CLOTHES,Miscellaneous Symbols and Pictographs,:womanâ€™s_clothes:,0.071,0.286,0.643,ğŸ‘š,0.571
ğŸš,0x1f68d,11,0.66,0.357,0.214,0.429,0.071,,ONCOMING BUS,Transport and Map Symbols,:oncoming_bus:,0.357,0.214,0.429,ğŸš,0.071
â–¡,0x25a1,11,0.674,0.571,0.071,0.357,-0.214,,WHITE SQUARE,Geometric Shapes,â–¡,0.571,0.071,0.357,â–¡,-0.214
ğŸ‚,0x1f402,11,0.774,0.143,0.571,0.286,0.143,,OX,Miscellaneous Symbols and Pictographs,:ox:,0.143,0.571,0.286,ğŸ‚,0.143
ğŸš£,0x1f6a3,11,0.713,0.071,0.286,0.643,0.571,,ROWBOAT,Transport and Map Symbols,:person_rowing_boat:,0.071,0.286,0.643,ğŸš£,0.571
âœ³,0x2733,11,0.372,0.071,0.857,0.071,0.0,,EIGHT SPOKED ASTERISK,Dingbats,:eight-spoked_asterisk:,0.071,0.857,0.071,âœ³,0.0
ğŸ‰,0x1f3c9,11,0.837,0.071,0.357,0.571,0.5,,RUGBY FOOTBALL,Miscellaneous Symbols and Pictographs,:rugby_football:,0.071,0.357,0.571,ğŸ‰,0.5
ğŸ—»,0x1f5fb,11,0.723,0.071,0.286,0.643,0.571,,MOUNT FUJI,Miscellaneous Symbols and Pictographs,:mount_fuji:,0.071,0.286,0.643,ğŸ—»,0.571
ğŸ€,0x1f400,11,0.701,0.143,0.571,0.286,0.143,,RAT,Miscellaneous Symbols and Pictographs,:rat:,0.143,0.571,0.286,ğŸ€,0.143
â•¦,0x2566,11,0.22,0.071,0.5,0.429,0.357,,BOX DRAWINGS DOUBLE DOWN AND HORIZONTAL,Box Drawing,â•¦,0.071,0.5,0.429,â•¦,0.357
â›º,0x26fa,10,0.906,0.154,0.231,0.615,0.462,,TENT,Miscellaneous Symbols,:tent:,0.154,0.231,0.615,â›º,0.462
ğŸ•,0x1f415,10,0.879,0.154,0.462,0.385,0.231,,DOG,Miscellaneous Symbols and Pictographs,:dog:,0.154,0.462,0.385,ğŸ•,0.231
ğŸ‚,0x1f3c2,10,0.777,0.154,0.308,0.538,0.385,,SNOWBOARDER,Miscellaneous Symbols and Pictographs,:snowboarder:,0.154,0.308,0.538,ğŸ‚,0.385
ğŸ‘¡,0x1f461,10,0.635,0.154,0.308,0.538,0.385,,WOMANS SANDAL,Miscellaneous Symbols and Pictographs,:womanâ€™s_sandal:,0.154,0.308,0.538,ğŸ‘¡,0.385
ğŸ“»,0x1f4fb,10,0.726,0.154,0.385,0.462,0.308,,RADIO,Miscellaneous Symbols and Pictographs,:radio:,0.154,0.385,0.462,ğŸ“»,0.308
âœ’,0x2712,10,0.544,0.154,0.462,0.385,0.231,,BLACK NIB,Dingbats,:black_nib:,0.154,0.462,0.385,âœ’,0.231
ğŸŒ°,0x1f330,10,0.786,0.077,0.308,0.615,0.538,,CHESTNUT,Miscellaneous Symbols and Pictographs,:chestnut:,0.077,0.308,0.615,ğŸŒ°,0.538
ğŸ¢,0x1f3e2,10,0.542,0.077,0.692,0.231,0.154,,OFFICE BUILDING,Miscellaneous Symbols and Pictographs,:office_building:,0.077,0.692,0.231,ğŸ¢,0.154
ğŸ’,0x1f392,10,0.614,0.154,0.231,0.615,0.462,,SCHOOL SATCHEL,Miscellaneous Symbols and Pictographs,:backpack:,0.154,0.231,0.615,ğŸ’,0.462
âŒ’,0x2312,10,0.624,0.077,0.308,0.615,0.538,,ARC,Miscellaneous Technical,âŒ’,0.077,0.308,0.615,âŒ’,0.538
ğŸ«,0x1f3eb,10,0.644,0.538,0.154,0.308,-0.231,,SCHOOL,Miscellaneous Symbols and Pictographs,:school:,0.538,0.154,0.308,ğŸ«,-0.231
ğŸ“´,0x1f4f4,10,0.982,0.154,0.077,0.769,0.615,,MOBILE PHONE OFF,Miscellaneous Symbols and Pictographs,:mobile_phone_off:,0.154,0.077,0.769,ğŸ“´,0.615
ğŸš¢,0x1f6a2,10,0.818,0.308,0.154,0.538,0.231,,SHIP,Transport and Map Symbols,:ship:,0.308,0.154,0.538,ğŸš¢,0.231
ğŸšš,0x1f69a,10,0.479,0.231,0.615,0.154,-0.077,,DELIVERY TRUCK,Transport and Map Symbols,:delivery_truck:,0.231,0.615,0.154,ğŸšš,-0.077
ğŸ‰,0x1f409,10,0.628,0.077,0.692,0.231,0.154,,DRAGON,Miscellaneous Symbols and Pictographs,:dragon:,0.077,0.692,0.231,ğŸ‰,0.154
â’,0x2752,10,0.587,0.077,0.615,0.308,0.231,,UPPER RIGHT SHADOWED WHITE SQUARE,Dingbats,â’,0.077,0.615,0.308,â’,0.231
ğŸŠ,0x1f40a,10,0.846,0.231,0.462,0.308,0.077,,CROCODILE,Miscellaneous Symbols and Pictographs,:crocodile:,0.231,0.462,0.308,ğŸŠ,0.077
ğŸ””,0x1f514,10,0.713,0.077,0.077,0.846,0.769,,BELL,Miscellaneous Symbols and Pictographs,:bell:,0.077,0.077,0.846,ğŸ””,0.769
â—¢,0x25e2,10,0.572,0.077,0.231,0.692,0.615,,BLACK LOWER RIGHT TRIANGLE,Geometric Shapes,â—¢,0.077,0.231,0.692,â—¢,0.615
ğŸ¥,0x1f3e5,9,0.648,0.167,0.417,0.417,0.25,,HOSPITAL,Miscellaneous Symbols and Pictographs,:hospital:,0.167,0.417,0.417,ğŸ¥,0.25
â”,0x2754,9,0.787,0.333,0.333,0.333,0.0,,WHITE QUESTION MARK ORNAMENT,Dingbats,:white_question_mark:,0.333,0.333,0.333,â”,0.0
ğŸš–,0x1f696,9,0.8,0.333,0.417,0.25,-0.083,,ONCOMING TAXI,Transport and Map Symbols,:oncoming_taxi:,0.333,0.417,0.25,ğŸš–,-0.083
ğŸƒ,0x1f0cf,9,0.686,0.333,0.25,0.417,0.083,,PLAYING CARD BLACK JOKER,Playing Cards,:joker:,0.333,0.25,0.417,ğŸƒ,0.083
â–¼,0x25bc,9,0.657,0.25,0.417,0.333,0.083,,BLACK DOWN-POINTING TRIANGLE,Geometric Shapes,â–¼,0.25,0.417,0.333,â–¼,0.083
â–Œ,0x258c,9,0.421,0.417,0.417,0.167,-0.25,,LEFT HALF BLOCK,Block Elements,â–Œ,0.417,0.417,0.167,â–Œ,-0.25
â˜›,0x261b,9,0.554,0.083,0.5,0.417,0.333,,BLACK RIGHT POINTING INDEX,Miscellaneous Symbols,â˜›,0.083,0.5,0.417,â˜›,0.333
âœ©,0x2729,9,0.266,0.083,0.833,0.083,0.0,,STRESS OUTLINED WHITE STAR,Dingbats,âœ©,0.083,0.833,0.083,âœ©,0.0
ğŸ’’,0x1f492,9,0.794,0.083,0.333,0.583,0.5,,WEDDING,Miscellaneous Symbols and Pictographs,:wedding:,0.083,0.333,0.583,ğŸ’’,0.5
ğŸš¤,0x1f6a4,9,0.504,0.083,0.5,0.417,0.333,,SPEEDBOAT,Transport and Map Symbols,:speedboat:,0.083,0.5,0.417,ğŸš¤,0.333
ğŸ,0x1f410,9,0.721,0.083,0.417,0.5,0.417,,GOAT,Miscellaneous Symbols and Pictographs,:goat:,0.083,0.417,0.5,ğŸ,0.417
â– ,0x25a0,9,0.79,0.5,0.25,0.25,-0.25,,BLACK SQUARE,Geometric Shapes,â– ,0.5,0.25,0.25,â– ,-0.25
ğŸ”š,0x1f51a,9,0.869,0.167,0.333,0.5,0.333,,END WITH LEFTWARDS ARROW ABOVE,Miscellaneous Symbols and Pictographs,:END_arrow:,0.167,0.333,0.5,ğŸ”š,0.333
ğŸ»,0x1f3bb,9,0.721,0.083,0.5,0.417,0.333,,VIOLIN,Miscellaneous Symbols and Pictographs,:violin:,0.083,0.5,0.417,ğŸ»,0.333
ğŸ”·,0x1f537,9,0.368,0.083,0.667,0.25,0.167,,LARGE BLUE DIAMOND,Miscellaneous Symbols and Pictographs,:large_blue_diamond:,0.083,0.667,0.25,ğŸ”·,0.167
ğŸš¦,0x1f6a6,9,0.454,0.25,0.417,0.333,0.083,,VERTICAL TRAFFIC LIGHT,Transport and Map Symbols,:vertical_traffic_light:,0.25,0.417,0.333,ğŸš¦,0.083
ğŸ”“,0x1f513,9,0.803,0.333,0.25,0.417,0.083,,OPEN LOCK,Miscellaneous Symbols and Pictographs,:unlocked:,0.333,0.25,0.417,ğŸ”“,0.083
ğŸ½,0x1f3bd,9,0.904,0.083,0.417,0.5,0.417,,RUNNING SHIRT WITH SASH,Miscellaneous Symbols and Pictographs,:running_shirt:,0.083,0.417,0.5,ğŸ½,0.417
ğŸ“…,0x1f4c5,9,0.597,0.25,0.333,0.417,0.167,,CALENDAR,Miscellaneous Symbols and Pictographs,:calendar:,0.25,0.333,0.417,ğŸ“…,0.167
ğŸº,0x1f3ba,9,0.646,0.167,0.083,0.75,0.583,,TRUMPET,Miscellaneous Symbols and Pictographs,:trumpet:,0.167,0.083,0.75,ğŸº,0.583
âœ¯,0x272f,9,0.321,0.083,0.833,0.083,0.0,,PINWHEEL STAR,Dingbats,âœ¯,0.083,0.833,0.083,âœ¯,0.0
ğŸˆ,0x1f348,9,0.521,0.583,0.167,0.25,-0.333,,MELON,Miscellaneous Symbols and Pictographs,:melon:,0.583,0.167,0.25,ğŸˆ,-0.333
âœ‰,0x2709,9,0.441,0.167,0.417,0.417,0.25,,ENVELOPE,Dingbats,:envelope:,0.167,0.417,0.417,âœ‰,0.25
â•£,0x2563,9,0.642,0.083,0.833,0.083,0.0,,BOX DRAWINGS DOUBLE VERTICAL AND LEFT,Box Drawing,â•£,0.083,0.833,0.083,â•£,0.0
â—¤,0x25e4,9,0.669,0.083,0.083,0.833,0.75,,BLACK UPPER LEFT TRIANGLE,Geometric Shapes,â—¤,0.083,0.083,0.833,â—¤,0.75
â—‹,0x25cb,8,0.625,0.091,0.364,0.545,0.455,,WHITE CIRCLE,Geometric Shapes,â—‹,0.091,0.364,0.545,â—‹,0.455
ğŸ¼,0x1f37c,8,0.89,0.182,0.182,0.636,0.455,,BABY BOTTLE,Miscellaneous Symbols and Pictographs,:baby_bottle:,0.182,0.182,0.636,ğŸ¼,0.455
ğŸ“€,0x1f4c0,8,0.843,0.182,0.545,0.273,0.091,,DVD,Miscellaneous Symbols and Pictographs,:dvd:,0.182,0.545,0.273,ğŸ“€,0.091
ğŸš›,0x1f69b,8,0.552,0.273,0.636,0.091,-0.182,,ARTICULATED LORRY,Transport and Map Symbols,:articulated_lorry:,0.273,0.636,0.091,ğŸš›,-0.182
ğŸ““,0x1f4d3,8,0.835,0.182,0.455,0.364,0.182,,NOTEBOOK,Miscellaneous Symbols and Pictographs,:notebook:,0.182,0.455,0.364,ğŸ““,0.182
â˜‰,0x2609,8,0.986,0.091,0.636,0.273,0.182,,SUN,Miscellaneous Symbols,â˜‰,0.091,0.636,0.273,â˜‰,0.182
ğŸ’´,0x1f4b4,8,0.837,0.364,0.455,0.182,-0.182,,BANKNOTE WITH YEN SIGN,Miscellaneous Symbols and Pictographs,:yen_banknote:,0.364,0.455,0.182,ğŸ’´,-0.182
â”¼,0x253c,8,0.595,0.273,0.455,0.273,0.0,,BOX DRAWINGS LIGHT VERTICAL AND HORIZONTAL,Box Drawing,â”¼,0.273,0.455,0.273,â”¼,0.0
ğŸƒ,0x1f403,8,0.83,0.091,0.818,0.091,0.0,,WATER BUFFALO,Miscellaneous Symbols and Pictographs,:water_buffalo:,0.091,0.818,0.091,ğŸƒ,0.0
â°,0x27b0,8,0.255,0.455,0.182,0.364,-0.091,,CURLY LOOP,Dingbats,:curly_loop:,0.455,0.182,0.364,â°,-0.091
ğŸ”Œ,0x1f50c,8,0.844,0.364,0.364,0.273,-0.091,,ELECTRIC PLUG,Miscellaneous Symbols and Pictographs,:electric_plug:,0.364,0.364,0.273,ğŸ”Œ,-0.091
ğŸ„,0x1f344,8,0.482,0.273,0.455,0.273,0.0,,MUSHROOM,Miscellaneous Symbols and Pictographs,:mushroom:,0.273,0.455,0.273,ğŸ„,0.0
ğŸ“•,0x1f4d5,8,0.688,0.182,0.455,0.364,0.182,,CLOSED BOOK,Miscellaneous Symbols and Pictographs,:closed_book:,0.182,0.455,0.364,ğŸ“•,0.182
ğŸ“£,0x1f4e3,8,0.665,0.182,0.273,0.545,0.364,,CHEERING MEGAPHONE,Miscellaneous Symbols and Pictographs,:megaphone:,0.182,0.273,0.545,ğŸ“£,0.364
ğŸš“,0x1f693,8,0.655,0.091,0.545,0.364,0.273,,POLICE CAR,Transport and Map Symbols,:police_car:,0.091,0.545,0.364,ğŸš“,0.273
ğŸ—,0x1f417,8,0.757,0.091,0.364,0.545,0.455,,BOAR,Miscellaneous Symbols and Pictographs,:boar:,0.091,0.364,0.545,ğŸ—,0.455
â†ª,0x21aa,8,0.727,0.091,0.727,0.182,0.091,,RIGHTWARDS ARROW WITH HOOK,Arrows,:left_arrow_curving_right:,0.091,0.727,0.182,â†ª,0.091
â›³,0x26f3,8,0.66,0.091,0.182,0.727,0.636,,FLAG IN HOLE,Miscellaneous Symbols,:flag_in_hole:,0.091,0.182,0.727,â›³,0.636
â”»,0x253b,8,0.436,0.636,0.091,0.273,-0.364,,BOX DRAWINGS HEAVY UP AND HORIZONTAL,Box Drawing,â”»,0.636,0.091,0.273,â”»,-0.364
â”›,0x251b,8,0.712,0.091,0.273,0.636,0.545,,BOX DRAWINGS HEAVY UP AND LEFT,Box Drawing,â”›,0.091,0.273,0.636,â”›,0.545
â”ƒ,0x2503,8,0.496,0.091,0.455,0.455,0.364,,BOX DRAWINGS HEAVY VERTICAL,Box Drawing,â”ƒ,0.091,0.455,0.455,â”ƒ,0.364
ğŸ‘±,0x1f471,7,0.584,0.2,0.5,0.3,0.1,,PERSON WITH BLOND HAIR,Miscellaneous Symbols and Pictographs,:person_blond_hair:,0.2,0.5,0.3,ğŸ‘±,0.1
â³,0x23f3,7,0.829,0.4,0.2,0.4,0.0,,HOURGLASS WITH FLOWING SAND,Miscellaneous Technical,:hourglass_not_done:,0.4,0.2,0.4,â³,0.0
ğŸ’º,0x1f4ba,7,0.5,0.2,0.4,0.4,0.2,,SEAT,Miscellaneous Symbols and Pictographs,:seat:,0.2,0.4,0.4,ğŸ’º,0.2
ğŸ‡,0x1f3c7,7,0.829,0.4,0.3,0.3,-0.1,,HORSE RACING,Miscellaneous Symbols and Pictographs,:horse_racing:,0.4,0.3,0.3,ğŸ‡,-0.1
â˜»,0x263b,7,0.808,0.2,0.4,0.4,0.2,,BLACK SMILING FACE,Miscellaneous Symbols,â˜»,0.2,0.4,0.4,â˜»,0.2
ğŸ“,0x1f4de,7,0.64,0.1,0.4,0.5,0.4,,TELEPHONE RECEIVER,Miscellaneous Symbols and Pictographs,:telephone_receiver:,0.1,0.4,0.5,ğŸ“,0.4
â’¶,0x24b6,7,0.467,0.3,0.5,0.2,-0.1,,CIRCLED LATIN CAPITAL LETTER A,Enclosed Alphanumerics,â’¶,0.3,0.5,0.2,â’¶,-0.1
ğŸŒ‰,0x1f309,7,0.848,0.1,0.3,0.6,0.5,,BRIDGE AT NIGHT,Miscellaneous Symbols and Pictographs,:bridge_at_night:,0.1,0.3,0.6,ğŸŒ‰,0.5
ğŸš©,0x1f6a9,7,0.147,0.4,0.4,0.2,-0.2,,TRIANGULAR FLAG ON POST,Transport and Map Symbols,:triangular_flag:,0.4,0.4,0.2,ğŸš©,-0.2
âœ,0x270e,7,0.547,0.1,0.3,0.6,0.5,,LOWER RIGHT PENCIL,Dingbats,âœ,0.1,0.3,0.6,âœ,0.5
ğŸ“ƒ,0x1f4c3,7,0.754,0.1,0.4,0.5,0.4,,PAGE WITH CURL,Miscellaneous Symbols and Pictographs,:page_with_curl:,0.1,0.4,0.5,ğŸ“ƒ,0.4
ğŸ¨,0x1f3e8,7,0.803,0.1,0.6,0.3,0.2,,HOTEL,Miscellaneous Symbols and Pictographs,:hotel:,0.1,0.6,0.3,ğŸ¨,0.2
ğŸ“Œ,0x1f4cc,7,0.799,0.6,0.2,0.2,-0.4,,PUSHPIN,Miscellaneous Symbols and Pictographs,:pushpin:,0.6,0.2,0.2,ğŸ“Œ,-0.4
â™,0x264e,7,0.855,0.3,0.5,0.2,-0.1,,LIBRA,Miscellaneous Symbols,:Libra:,0.3,0.5,0.2,â™,-0.1
ğŸ’·,0x1f4b7,7,0.573,0.1,0.4,0.5,0.4,,BANKNOTE WITH POUND SIGN,Miscellaneous Symbols and Pictographs,:pound_banknote:,0.1,0.4,0.5,ğŸ’·,0.4
ğŸš„,0x1f684,7,0.7,0.1,0.3,0.6,0.5,,HIGH-SPEED TRAIN,Transport and Map Symbols,:high-speed_train:,0.1,0.3,0.6,ğŸš„,0.5
â–²,0x25b2,7,0.338,0.1,0.3,0.6,0.5,,BLACK UP-POINTING TRIANGLE,Geometric Shapes,â–²,0.1,0.3,0.6,â–²,0.5
â›µ,0x26f5,7,0.324,0.1,0.3,0.6,0.5,,SAILBOAT,Miscellaneous Symbols,:sailboat:,0.1,0.3,0.6,â›µ,0.5
ğŸ”¸,0x1f538,7,0.172,0.1,0.6,0.3,0.2,,SMALL ORANGE DIAMOND,Miscellaneous Symbols and Pictographs,:small_orange_diamond:,0.1,0.6,0.3,ğŸ”¸,0.2
âŒ›,0x231b,7,0.797,0.3,0.3,0.4,0.1,,HOURGLASS,Miscellaneous Technical,:hourglass_done:,0.3,0.3,0.4,âŒ›,0.1
ğŸšœ,0x1f69c,7,0.767,0.1,0.1,0.8,0.7,,TRACTOR,Transport and Map Symbols,:tractor:,0.1,0.1,0.8,ğŸšœ,0.7
ğŸ†,0x1f406,7,0.55,0.1,0.5,0.4,0.3,,LEOPARD,Miscellaneous Symbols and Pictographs,:leopard:,0.1,0.5,0.4,ğŸ†,0.3
ğŸ‘’,0x1f452,7,0.844,0.2,0.4,0.4,0.2,,WOMANS HAT,Miscellaneous Symbols and Pictographs,:womanâ€™s_hat:,0.2,0.4,0.4,ğŸ‘’,0.2
â•,0x2755,7,0.862,0.2,0.4,0.4,0.2,,WHITE EXCLAMATION MARK ORNAMENT,Dingbats,:white_exclamation_mark:,0.2,0.4,0.4,â•,0.2
ğŸ”›,0x1f51b,7,0.474,0.2,0.2,0.6,0.4,,ON WITH EXCLAMATION MARK WITH LEFT RIGHT ARROW ABOVE,Miscellaneous Symbols and Pictographs,:ON!_arrow:,0.2,0.2,0.6,ğŸ”›,0.4
â™¢,0x2662,7,0.868,0.1,0.5,0.4,0.3,,WHITE DIAMOND SUIT,Miscellaneous Symbols,â™¢,0.1,0.5,0.4,â™¢,0.3
ğŸ‡²,0x1f1f2,7,0.787,0.1,0.4,0.5,0.4,,REGIONAL INDICATOR SYMBOL LETTER M,Enclosed Alphanumeric Supplement,ğŸ‡²,0.1,0.4,0.5,ğŸ‡²,0.4
â…,0x2745,7,0.247,0.1,0.2,0.7,0.6,,TIGHT TRIFOLIATE SNOWFLAKE,Dingbats,â…,0.1,0.2,0.7,â…,0.6
ğŸ‘,0x1f45d,6,0.611,0.222,0.222,0.556,0.333,,POUCH,Miscellaneous Symbols and Pictographs,:clutch_bag:,0.222,0.222,0.556,ğŸ‘,0.333
âœ,0x271e,6,0.509,0.111,0.444,0.444,0.333,,SHADOWED WHITE LATIN CROSS,Dingbats,âœ,0.111,0.444,0.444,âœ,0.333
â—¡,0x25e1,6,0.947,0.111,0.556,0.333,0.222,,LOWER HALF CIRCLE,Geometric Shapes,â—¡,0.111,0.556,0.333,â—¡,0.222
ğŸ‹,0x1f38b,6,0.786,0.222,0.111,0.667,0.444,,TANABATA TREE,Miscellaneous Symbols and Pictographs,:tanabata_tree:,0.222,0.111,0.667,ğŸ‹,0.444
ğŸ‘¥,0x1f465,6,0.838,0.222,0.333,0.444,0.222,,BUSTS IN SILHOUETTE,Miscellaneous Symbols and Pictographs,:busts_in_silhouette:,0.222,0.333,0.444,ğŸ‘¥,0.222
ğŸ“µ,0x1f4f5,6,0.794,0.222,0.444,0.333,0.111,,NO MOBILE PHONES,Miscellaneous Symbols and Pictographs,:no_mobile_phones:,0.222,0.444,0.333,ğŸ“µ,0.111
ğŸ¡,0x1f421,6,0.867,0.111,0.556,0.333,0.222,,BLOWFISH,Miscellaneous Symbols and Pictographs,:blowfish:,0.111,0.556,0.333,ğŸ¡,0.222
â—†,0x25c6,6,0.602,0.111,0.222,0.667,0.556,,BLACK DIAMOND,Geometric Shapes,â—†,0.111,0.222,0.667,â—†,0.556
ğŸ¯,0x1f3ef,6,0.53,0.111,0.667,0.222,0.111,,JAPANESE CASTLE,Miscellaneous Symbols and Pictographs,:Japanese_castle:,0.111,0.667,0.222,ğŸ¯,0.111
â˜‚,0x2602,6,0.453,0.222,0.556,0.222,0.0,,UMBRELLA,Miscellaneous Symbols,:umbrella:,0.222,0.556,0.222,â˜‚,0.0
ğŸ”­,0x1f52d,6,0.716,0.111,0.444,0.444,0.333,,TELESCOPE,Miscellaneous Symbols and Pictographs,:telescope:,0.111,0.444,0.444,ğŸ”­,0.333
ğŸª,0x1f3aa,6,0.608,0.111,0.556,0.333,0.222,,CIRCUS TENT,Miscellaneous Symbols and Pictographs,:circus_tent:,0.111,0.556,0.333,ğŸª,0.222
ğŸœ,0x1f41c,6,0.88,0.111,0.333,0.556,0.444,,ANT,Miscellaneous Symbols and Pictographs,:ant:,0.111,0.333,0.556,ğŸœ,0.444
â™Œ,0x264c,6,0.79,0.111,0.222,0.667,0.556,,LEO,Miscellaneous Symbols,:Leo:,0.111,0.222,0.667,â™Œ,0.556
â˜,0x2610,6,0.538,0.778,0.111,0.111,-0.667,,BALLOT BOX,Miscellaneous Symbols,â˜,0.778,0.111,0.111,â˜,-0.667
ğŸ‘·,0x1f477,6,0.739,0.222,0.333,0.444,0.222,,CONSTRUCTION WORKER,Miscellaneous Symbols and Pictographs,:construction_worker:,0.222,0.333,0.444,ğŸ‘·,0.222
â†³,0x21b3,6,0.346,0.111,0.778,0.111,0.0,,DOWNWARDS ARROW WITH TIP RIGHTWARDS,Arrows,â†³,0.111,0.778,0.111,â†³,0.0
ğŸ”ˆ,0x1f508,6,0.635,0.111,0.556,0.333,0.222,,SPEAKER,Miscellaneous Symbols and Pictographs,:speaker_low_volume:,0.111,0.556,0.333,ğŸ”ˆ,0.222
ğŸ“„,0x1f4c4,6,0.624,0.111,0.111,0.778,0.667,,PAGE FACING UP,Miscellaneous Symbols and Pictographs,:page_facing_up:,0.111,0.111,0.778,ğŸ“„,0.667
ğŸ“,0x1f4cd,6,0.489,0.222,0.444,0.333,0.111,,ROUND PUSHPIN,Miscellaneous Symbols and Pictographs,:round_pushpin:,0.222,0.444,0.333,ğŸ“,0.111
ğŸš,0x1f690,6,0.776,0.111,0.222,0.667,0.556,,MINIBUS,Transport and Map Symbols,:minibus:,0.111,0.222,0.667,ğŸš,0.556
ğŸš”,0x1f694,6,0.522,0.222,0.556,0.222,0.0,,ONCOMING POLICE CAR,Transport and Map Symbols,:oncoming_police_car:,0.222,0.556,0.222,ğŸš”,0.0
ğŸŒ‹,0x1f30b,6,0.38,0.111,0.333,0.556,0.444,,VOLCANO,Miscellaneous Symbols and Pictographs,:volcano:,0.111,0.333,0.556,ğŸŒ‹,0.444
ğŸ“¡,0x1f4e1,6,0.554,0.222,0.333,0.444,0.222,,SATELLITE ANTENNA,Miscellaneous Symbols and Pictographs,:satellite_antenna:,0.222,0.333,0.444,ğŸ“¡,0.222
â©,0x23e9,6,0.732,0.111,0.667,0.222,0.111,,BLACK RIGHT-POINTING DOUBLE TRIANGLE,Miscellaneous Technical,:fast-forward_button:,0.111,0.667,0.222,â©,0.111
ğŸš³,0x1f6b3,6,0.103,0.111,0.111,0.778,0.667,,NO BICYCLES,Transport and Map Symbols,:no_bicycles:,0.111,0.111,0.778,ğŸš³,0.667
âœ˜,0x2718,6,0.539,0.111,0.222,0.667,0.556,,HEAVY BALLOT X,Dingbats,âœ˜,0.111,0.222,0.667,âœ˜,0.556
Û,0x6de,6,0.472,0.111,0.778,0.111,0.0,,ARABIC START OF RUB EL HIZB,Arabic,Û,0.111,0.778,0.111,Û,0.0
â˜¾,0x263e,6,0.453,0.111,0.778,0.111,0.0,,LAST QUARTER MOON,Miscellaneous Symbols,â˜¾,0.111,0.778,0.111,â˜¾,0.0
ğŸ…°,0x1f170,6,0.311,0.222,0.333,0.444,0.222,,NEGATIVE SQUARED LATIN CAPITAL LETTER A,Enclosed Alphanumeric Supplement,:A_button_(blood_type):,0.222,0.333,0.444,ğŸ…°,0.222
ğŸ“¥,0x1f4e5,6,0.982,0.111,0.778,0.111,0.0,,INBOX TRAY,Miscellaneous Symbols and Pictographs,:inbox_tray:,0.111,0.778,0.111,ğŸ“¥,0.0
ğŸ‡¼,0x1f1fc,6,0.734,0.111,0.444,0.444,0.333,,REGIONAL INDICATOR SYMBOL LETTER W,Enclosed Alphanumeric Supplement,ğŸ‡¼,0.111,0.444,0.444,ğŸ‡¼,0.333
â”“,0x2513,6,0.515,0.111,0.333,0.556,0.444,,BOX DRAWINGS HEAVY DOWN AND LEFT,Box Drawing,â”“,0.111,0.333,0.556,â”“,0.444
â”£,0x2523,6,0.487,0.111,0.333,0.556,0.444,,BOX DRAWINGS HEAVY VERTICAL AND RIGHT,Box Drawing,â”£,0.111,0.333,0.556,â”£,0.444
â“,0x24c1,6,0.727,0.111,0.444,0.444,0.333,,CIRCLED LATIN CAPITAL LETTER L,Enclosed Alphanumerics,â“,0.111,0.444,0.444,â“,0.333
â’º,0x24ba,6,0.815,0.111,0.444,0.444,0.333,,CIRCLED LATIN CAPITAL LETTER E,Enclosed Alphanumerics,â’º,0.111,0.444,0.444,â’º,0.333
ğŸ”¦,0x1f526,5,0.853,0.125,0.75,0.125,0.0,,ELECTRIC TORCH,Miscellaneous Symbols and Pictographs,:flashlight:,0.125,0.75,0.125,ğŸ”¦,0.0
ğŸ‘¤,0x1f464,5,0.786,0.125,0.25,0.625,0.5,,BUST IN SILHOUETTE,Miscellaneous Symbols and Pictographs,:bust_in_silhouette:,0.125,0.25,0.625,ğŸ‘¤,0.5
ğŸš,0x1f681,5,0.51,0.125,0.625,0.25,0.125,,HELICOPTER,Transport and Map Symbols,:helicopter:,0.125,0.625,0.25,ğŸš,0.125
ğŸ ,0x1f3a0,5,0.574,0.125,0.375,0.5,0.375,,CAROUSEL HORSE,Miscellaneous Symbols and Pictographs,:carousel_horse:,0.125,0.375,0.5,ğŸ ,0.375
ğŸ,0x1f401,5,0.419,0.375,0.5,0.125,-0.25,,MOUSE,Miscellaneous Symbols and Pictographs,:mouse:,0.375,0.5,0.125,ğŸ,-0.25
ğŸ“—,0x1f4d7,5,0.789,0.25,0.375,0.375,0.125,,GREEN BOOK,Miscellaneous Symbols and Pictographs,:green_book:,0.25,0.375,0.375,ğŸ“—,0.125
â”,0x2510,5,0.771,0.375,0.375,0.25,-0.125,,BOX DRAWINGS LIGHT DOWN AND LEFT,Box Drawing,â”,0.375,0.375,0.25,â”,-0.125
â˜®,0x262e,5,0.75,0.375,0.25,0.375,0.0,,PEACE SYMBOL,Miscellaneous Symbols,:peace_symbol:,0.375,0.25,0.375,â˜®,0.0
â™‚,0x2642,5,0.58,0.125,0.625,0.25,0.125,,MALE SIGN,Miscellaneous Symbols,:male_sign:,0.125,0.625,0.25,â™‚,0.125
â—,0x25de,5,0.723,0.25,0.5,0.25,0.0,,LOWER RIGHT QUADRANT CIRCULAR ARC,Geometric Shapes,â—,0.25,0.5,0.25,â—,0.0
ğŸ“¯,0x1f4ef,5,0.974,0.25,0.625,0.125,-0.125,,POSTAL HORN,Miscellaneous Symbols and Pictographs,:postal_horn:,0.25,0.625,0.125,ğŸ“¯,-0.125
ğŸ”©,0x1f529,5,0.673,0.25,0.375,0.375,0.125,,NUT AND BOLT,Miscellaneous Symbols and Pictographs,:nut_and_bolt:,0.25,0.375,0.375,ğŸ”©,0.125
ğŸ‘¢,0x1f462,5,0.994,0.125,0.25,0.625,0.5,,WOMANS BOOTS,Miscellaneous Symbols and Pictographs,:womanâ€™s_boot:,0.125,0.25,0.625,ğŸ‘¢,0.5
â—‚,0x25c2,5,0.199,0.125,0.5,0.375,0.25,,BLACK LEFT-POINTING SMALL TRIANGLE,Geometric Shapes,â—‚,0.125,0.5,0.375,â—‚,0.25
ğŸ“°,0x1f4f0,5,0.86,0.25,0.25,0.5,0.25,,NEWSPAPER,Miscellaneous Symbols and Pictographs,:newspaper:,0.25,0.25,0.5,ğŸ“°,0.25
ğŸ“¶,0x1f4f6,5,0.93,0.125,0.5,0.375,0.25,,ANTENNA WITH BARS,Miscellaneous Symbols and Pictographs,:antenna_bars:,0.125,0.5,0.375,ğŸ“¶,0.25
ğŸš¥,0x1f6a5,5,0.724,0.25,0.5,0.25,0.0,,HORIZONTAL TRAFFIC LIGHT,Transport and Map Symbols,:horizontal_traffic_light:,0.25,0.5,0.25,ğŸš¥,0.0
ğŸŒ„,0x1f304,5,0.286,0.125,0.625,0.25,0.125,,SUNRISE OVER MOUNTAINS,Miscellaneous Symbols and Pictographs,:sunrise_over_mountains:,0.125,0.625,0.25,ğŸŒ„,0.125
ğŸ—¾,0x1f5fe,5,0.739,0.125,0.5,0.375,0.25,,SILHOUETTE OF JAPAN,Miscellaneous Symbols and Pictographs,:map_of_Japan:,0.125,0.5,0.375,ğŸ—¾,0.25
ğŸ”¶,0x1f536,5,0.786,0.125,0.5,0.375,0.25,,LARGE ORANGE DIAMOND,Miscellaneous Symbols and Pictographs,:large_orange_diamond:,0.125,0.5,0.375,ğŸ”¶,0.25
ğŸ¤,0x1f3e4,5,0.273,0.125,0.5,0.375,0.25,,EUROPEAN POST OFFICE,Miscellaneous Symbols and Pictographs,:post_office:,0.125,0.5,0.375,ğŸ¤,0.25
ğŸ©,0x1f3a9,5,0.586,0.125,0.5,0.375,0.25,,TOP HAT,Miscellaneous Symbols and Pictographs,:top_hat:,0.125,0.5,0.375,ğŸ©,0.25
â“‚,0x24c2,5,0.765,0.25,0.25,0.5,0.25,,CIRCLED LATIN CAPITAL LETTER M,Enclosed Alphanumerics,:circled_M:,0.25,0.25,0.5,â“‚,0.25
ğŸ”§,0x1f527,5,0.677,0.625,0.125,0.25,-0.375,,WRENCH,Miscellaneous Symbols and Pictographs,:wrench:,0.625,0.125,0.25,ğŸ”§,-0.375
ğŸ…,0x1f405,5,0.819,0.125,0.625,0.25,0.125,,TIGER,Miscellaneous Symbols and Pictographs,:tiger:,0.125,0.625,0.25,ğŸ…,0.125
â™®,0x266e,5,0.937,0.125,0.625,0.25,0.125,,MUSIC NATURAL SIGN,Miscellaneous Symbols,â™®,0.125,0.625,0.25,â™®,0.125
ğŸ…¾,0x1f17e,5,0.977,0.375,0.375,0.25,-0.125,,NEGATIVE SQUARED LATIN CAPITAL LETTER O,Enclosed Alphanumeric Supplement,:O_button_(blood_type):,0.375,0.375,0.25,ğŸ…¾,-0.125
ğŸ”„,0x1f504,5,0.971,0.125,0.75,0.125,0.0,,ANTICLOCKWISE DOWNWARDS AND UPWARDS OPEN CIRCLE ARROWS,Miscellaneous Symbols and Pictographs,:counterclockwise_arrows_button:,0.125,0.75,0.125,ğŸ”„,0.0
â˜„,0x2604,5,0.435,0.125,0.75,0.125,0.0,,COMET,Miscellaneous Symbols,:comet:,0.125,0.75,0.125,â˜„,0.0
â˜¨,0x2628,5,0.458,0.125,0.75,0.125,0.0,,CROSS OF LORRAINE,Miscellaneous Symbols,â˜¨,0.125,0.75,0.125,â˜¨,0.0
